character,format,image,level,title
,Paperback,https://i.harperapps.com/covers/9780062946775/x200.jpg,i-can-read-level-3,The Addams Family: A Frightful Welcome
,Paperback,https://i.harperapps.com/covers/9780062890863/x200.jpg,i-can-read-level-3,Shazam!: Becoming Shazam
,Paperback,https://i.harperapps.com/covers/9780062898630/x200.jpg,i-can-read-level-3,Shazam!: A Shazam Showdown
,Hardcover,https://i.harperapps.com/covers/9780060537128/x200.jpg,i-can-read-level-3,It's Valentine's Day
,Hardcover,https://i.harperapps.com/covers/9780060730161/x200.jpg,i-can-read-level-3,Minnie and Moo and the Haunted Sweater
,Paperback,https://i.harperapps.com/covers/9780064442589/x200.jpg,i-can-read-level-3,Emma's Yucky Brother
,Hardcover,https://i.harperapps.com/covers/9780060537067/x200.jpg,i-can-read-level-3,It's Christmas!
,Paperback,https://i.harperapps.com/covers/9780064440523/x200.jpg,i-can-read-level-3,Wagon Wheels
,Paperback,https://i.harperapps.com/covers/9780064440424/x200.jpg,i-can-read-level-3,The Drinking Gourd
,Paperback,https://i.harperapps.com/covers/9780064442596/x200.jpg,i-can-read-level-3,Emma's Strange Pet
,Paperback,https://i.harperapps.com/covers/9780062852984/x200.jpg,i-can-read-level-2,Spies in Disguise: Lance Saves the World
,Hardcover,https://i.harperapps.com/covers/9780062432889/x200.jpg,i-can-read-level-2,Thomas Edison: Lighting the Way
,Paperback,https://i.harperapps.com/covers/9780062946751/x200.jpg,i-can-read-level-2,The Addams Family: Meet the Family
,Paperback,https://i.harperapps.com/covers/9780064443074/x200.jpg,i-can-read-level-2,The High-Rise Private Eyes #2: The Case of the Climbing Cat
,Hardcover,https://i.harperapps.com/covers/9780062432827/x200.jpg,i-can-read-level-2,Helen Keller: The World at Her Fingertips
,Paperback,https://i.harperapps.com/covers/9780062945372/x200.jpg,i-can-read-level-2,The Angry Birds Movie 2: Best Enemies
,Hardcover,https://i.harperapps.com/covers/9780062252722/x200.jpg,i-can-read-level-2,Rappy and His Favorite Things
,Hardcover,https://i.harperapps.com/covers/9780062697097/x200.jpg,i-can-read-level-2,Splat the Cat and the Lemonade Stand
,Hardcover,https://i.harperapps.com/covers/9780062366016/x200.jpg,i-can-read-level-2,Flat Stanley and the Bees
,Hardcover,https://i.harperapps.com/covers/9780062883124/x200.jpg,i-can-read-level-2,Frog and Toad Storybook Favorites
,Paperback,https://i.harperapps.com/covers/9780060513184/x200.jpg,i-can-read-level-4,Prairie School
,Paperback,https://i.harperapps.com/covers/9780064442565/x200.jpg,i-can-read-level-4,Dinosaur Hunter
,Paperback,https://i.harperapps.com/covers/9780064442152/x200.jpg,i-can-read-level-4,First Flight
,Paperback,https://i.harperapps.com/covers/9780064442558/x200.jpg,i-can-read-level-4,The Witch Who Was Afraid of Witches
,Paperback,https://i.harperapps.com/covers/9780064442244/x200.jpg,i-can-read-level-4,The Animal Rescue Club
,Paperback,https://i.harperapps.com/covers/9780064442169/x200.jpg,i-can-read-level-4,Finding Providence
,Paperback,https://i.harperapps.com/covers/9780062266897/x200.jpg,my-very-first-i-can-read,Learn to Read with Tug the Pup and Friends! Box Set 1
,Paperback,https://i.harperapps.com/covers/9780062266910/x200.jpg,my-very-first-i-can-read,Learn to Read with Tug the Pup and Friends! Box Set 2
,Paperback,https://i.harperapps.com/covers/9780062266934/x200.jpg,my-very-first-i-can-read,Learn to Read with Tug the Pup and Friends! Box Set 3
,eBook,https://i.harperapps.com/covers/9780062266903/x200.jpg,my-very-first-i-can-read,Learn to Read with Tug the Pup and Friends! Set 1: Books 6-10
,eBook,https://i.harperapps.com/covers/9780062266927/x200.jpg,my-very-first-i-can-read,Learn to Read with Tug the Pup and Friends! Set 2: Books 6-10
,eBook,https://i.harperapps.com/covers/9780062266941/x200.jpg,my-very-first-i-can-read,Learn to Read with Tug the Pup and Friends! Set 3: Books 6-10
,eBook,https://i.harperapps.com/covers/9780062323736/x200.jpg,my-very-first-i-can-read,Learn to Read with Tug the Pup and Friends! Set 1: Books 1-5
,eBook,https://i.harperapps.com/covers/9780062323811/x200.jpg,my-very-first-i-can-read,Learn to Read with Tug the Pup and Friends! Set 2: Books 1-5
,eBook,https://i.harperapps.com/covers/9780062323828/x200.jpg,my-very-first-i-can-read,Learn to Read with Tug the Pup and Friends! Set 3: Books 1-5
,Paperback,https://i.harperapps.com/covers/9780064441292/x200.jpg,i-can-read-level-3,The Josefina Story Quilt
,Paperback,https://i.harperapps.com/covers/9780060537227/x200.jpg,i-can-read-level-3,My Parents Think I'm Sleeping
,Paperback,https://i.harperapps.com/covers/9780060730123/x200.jpg,i-can-read-level-3,Minnie and Moo: Wanted Dead or Alive
,Paperback,https://i.harperapps.com/covers/9780060005054/x200.jpg,i-can-read-level-3,Minnie and Moo: The Night of the Living Bed
,Paperback,https://i.harperapps.com/covers/9780064441322/x200.jpg,i-can-read-level-3,The Golly Sisters Go West
,Paperback,https://i.harperapps.com/covers/9780060537173/x200.jpg,i-can-read-level-3,It's Snowing! It's Snowing!
,Paperback,https://i.harperapps.com/covers/9780064441803/x200.jpg,i-can-read-level-3,Small Wolf
,Paperback,https://i.harperapps.com/covers/9780064440400/x200.jpg,i-can-read-level-3,Hill of Fire
,Paperback,https://i.harperapps.com/covers/9780064440431/x200.jpg,i-can-read-level-3,Dolphin
,Paperback,https://i.harperapps.com/covers/9780064441636/x200.jpg,i-can-read-level-3,Chang's Paper Pony
,Hardcover,https://i.harperapps.com/covers/9780062432858/x200.jpg,i-can-read-level-2,Harriet Tubman: Freedom Fighter
,Paperback,https://i.harperapps.com/covers/9780062291875/x200.jpg,i-can-read-level-2,Justice League Reading Collection
,Hardcover,https://i.harperapps.com/covers/9780062432643/x200.jpg,i-can-read-level-2,Ben Franklin Thinks Big
,Hardcover,https://i.harperapps.com/covers/9780062697066/x200.jpg,i-can-read-level-2,Splat the Cat Gets a Job!
,Hardcover,https://i.harperapps.com/covers/9780062365965/x200.jpg,i-can-read-level-2,Flat Stanley and the Lost Treasure
,Downloadable audio file,https://i.harperapps.com/covers/9780062468086/x200.jpg,i-can-read-level-2,Guinness World Records: Fun with Food
,Paperback,https://i.harperapps.com/covers/9780062360878/x200.jpg,i-can-read-level-2,Batman Classic: I Am Batman
,Hardcover,https://i.harperapps.com/covers/9780062189820/x200.jpg,i-can-read-level-2,Flat Stanley: On Ice
,Hardcover,https://i.harperapps.com/covers/9780062432919/x200.jpg,i-can-read-level-2,Alexander Hamilton: A Plan for America
,Hardcover,https://i.harperapps.com/covers/9780062341839/x200.jpg,i-can-read-level-2,Guinness World Records: Daring Dogs
,Hardcover,https://i.harperapps.com/covers/9780062845139/x200.jpg,my-first-i-can-read,Otter: What Pet Is Best?
,Hardcover,https://i.harperapps.com/covers/9780062868336/x200.jpg,my-first-i-can-read,Pete the Kitty Goes to the Doctor
,Hardcover,https://i.harperapps.com/covers/9780062436214/x200.jpg,my-first-i-can-read,Biscuit’s Snow Day Race
,Hardcover,https://i.harperapps.com/covers/9780062431479/x200.jpg,my-first-i-can-read,Little Critter: Just My Best Friend
,Paperback,https://i.harperapps.com/covers/9780062965844/x200.jpg,my-first-i-can-read,Baby Shark: Baby Shark and the Balloons
,Hardcover,https://i.harperapps.com/covers/9780062692818/x200.jpg,my-first-i-can-read,Axel the Truck: Field Trip
,Paperback,https://i.harperapps.com/covers/9780062965905/x200.jpg,my-first-i-can-read,Baby Shark: Baby Shark and the Magic Wand
,Paperback,https://i.harperapps.com/covers/9780062907202/x200.jpg,my-first-i-can-read,Super Wings: A Super First Day
,Paperback,https://i.harperapps.com/covers/9780062907226/x200.jpg,my-first-i-can-read,Super Wings: Lost Stars
,Hardcover,https://i.harperapps.com/covers/9780062686411/x200.jpg,my-first-i-can-read,The Best Seat in Kindergarten
,Paperback,https://i.harperapps.com/covers/9780062852960/x200.jpg,i-can-read-level-1,Spies in Disguise: Meet the Spies
,Hardcover,https://i.harperapps.com/covers/9780062432261/x200.jpg,i-can-read-level-1,Ranger Rick: I Wish I Was a Bison
,Hardcover,https://i.harperapps.com/covers/9780062432506/x200.jpg,i-can-read-level-1,I Want to Be a Pilot
,Hardcover,https://i.harperapps.com/covers/9780062935250/x200.jpg,i-can-read-level-1,Amelia Bedelia Gets the Picture
,Hardcover,https://i.harperapps.com/covers/9780062699954/x200.jpg,i-can-read-level-1,Little Penguin’s New Friend
,Paperback,https://i.harperapps.com/covers/9780062950345/x200.jpg,i-can-read-level-1,Molly of Denali: Party Moose
,Paperback,https://i.harperapps.com/covers/9780062950369/x200.jpg,i-can-read-level-1,Molly of Denali: Little Dog Lost
,Paperback,https://i.harperapps.com/covers/9780062849403/x200.jpg,i-can-read-level-1,Disney Junior Fancy Nancy: A Fancy Reading Collection
,Hardcover,https://i.harperapps.com/covers/9780062840424/x200.jpg,i-can-read-level-1,Pinkalicious: Dragon to the Rescue
,Hardcover,https://i.harperapps.com/covers/9780062675385/x200.jpg,i-can-read-level-1,Pete the Cat's Trip to the Supermarket
,Hardcover,https://i.harperapps.com/covers/9780062341860/x200.jpg,i-can-read-level-2,Guinness World Records: Wacky Wheels
,Paperback,https://i.harperapps.com/covers/9780062360854/x200.jpg,i-can-read-level-2,Superman Classic: Pranking News
,Paperback,https://i.harperapps.com/covers/9780062453327/x200.jpg,i-can-read-level-2,The Angry Birds Movie: Meet the Angry Birds
,Paperback,https://i.harperapps.com/covers/9780062453341/x200.jpg,i-can-read-level-2,The Angry Birds Movie: Too Many Pigs
,Hardcover,https://i.harperapps.com/covers/9780062367501/x200.jpg,i-can-read-level-2,My Weird School: Teamwork Trouble
,Hardcover,https://i.harperapps.com/covers/9780062233516/x200.jpg,i-can-read-level-2,Lulu Goes to Witch School
,Paperback,https://i.harperapps.com/covers/9780062313379/x200.jpg,i-can-read-level-2,My Favorite Spooky Stories Box Set
,Paperback,https://i.harperapps.com/covers/9780062344946/x200.jpg,i-can-read-level-2,Justice League Classic: Battle of the Power Ring
,Hardcover,https://i.harperapps.com/covers/9780062252692/x200.jpg,i-can-read-level-2,Rappy Goes to Mars
,Hardcover,https://i.harperapps.com/covers/9780062305176/x200.jpg,i-can-read-level-2,Lulu and the Witch Baby
,Paperback,https://i.harperapps.com/covers/9780064441070/x200.jpg,i-can-read-level-3,Sam the Minuteman
,Paperback,https://i.harperapps.com/covers/9780064440318/x200.jpg,i-can-read-level-3,Daniel's Duck
,Paperback,https://i.harperapps.com/covers/9780064442251/x200.jpg,i-can-read-level-3,Dust for Dinner
,Paperback,https://i.harperapps.com/covers/9780064441643/x200.jpg,i-can-read-level-3,The Smallest Cow in the World
,Paperback,https://i.harperapps.com/covers/9780064440530/x200.jpg,i-can-read-level-3,The Big Balloon Race
,Paperback,https://i.harperapps.com/covers/9780064441872/x200.jpg,i-can-read-level-3,The Outside Dog
,Paperback,https://i.harperapps.com/covers/9780064442657/x200.jpg,i-can-read-level-3,Marvin's Best Christmas Present Ever
,Paperback,https://i.harperapps.com/covers/9780064441056/x200.jpg,i-can-read-level-3,Surprises
,Paperback,https://i.harperapps.com/covers/9780060537111/x200.jpg,i-can-read-level-3,It's Thanksgiving!
,Paperback,https://i.harperapps.com/covers/9780064442503/x200.jpg,i-can-read-level-3,The 18 Penny Goose
,Hardcover,https://i.harperapps.com/covers/9780062840455/x200.jpg,i-can-read-level-1,Pinkalicious and the Merminnies
,Paperback,https://i.harperapps.com/covers/9780062950406/x200.jpg,i-can-read-level-1,Molly of Denali: Crane Song
,Hardcover,https://i.harperapps.com/covers/9780062364227/x200.jpg,i-can-read-level-1,Chicken on a Broom
,Hardcover,https://i.harperapps.com/covers/9780062432230/x200.jpg,i-can-read-level-1,Ranger Rick: I Wish I Was a Monarch Butterfly
,Hardcover,https://i.harperapps.com/covers/9780062888693/x200.jpg,i-can-read-level-1,Disney Junior Fancy Nancy: Shoe La La!
,Hardcover,https://i.harperapps.com/covers/9780062888709/x200.jpg,i-can-read-level-1,"Disney Junior Fancy Nancy: Toodle-oo, Miss Moo"
,Hardcover,https://i.harperapps.com/covers/9780062840394/x200.jpg,i-can-read-level-1,Pinkalicious: Fishtastic!
,Hardcover,https://i.harperapps.com/covers/9780062410603/x200.jpg,i-can-read-level-1,Danny and the Dinosaur in the Big City
,Hardcover,https://i.harperapps.com/covers/9780062344762/x200.jpg,i-can-read-level-1,Mighty Truck: Surf’s Up!
,Hardcover,https://i.harperapps.com/covers/9780062410573/x200.jpg,i-can-read-level-1,Danny and the Dinosaur Mind Their Manners
,Hardcover,https://i.harperapps.com/covers/9780062845085/x200.jpg,my-first-i-can-read,Otter: I Love Books!
,Hardcover,https://i.harperapps.com/covers/9780062868305/x200.jpg,my-first-i-can-read,Pete the Cat's Giant Groovy Book
,Hardcover,https://i.harperapps.com/covers/9780062353221/x200.jpg,my-first-i-can-read,"Duck, Duck, Dinosaur: Spring Smiles"
,Hardcover,https://i.harperapps.com/covers/9780062868275/x200.jpg,my-first-i-can-read,Pete the Kitty and the Case of the Hiccups
,Hardcover,https://i.harperapps.com/covers/9780062431455/x200.jpg,my-first-i-can-read,Little Critter: Exploring the Great Outdoors
,Hardcover,https://i.harperapps.com/covers/9780062378057/x200.jpg,my-first-i-can-read,Fancy Nancy: JoJo and the Twins
,Hardcover,https://i.harperapps.com/covers/9780062436184/x200.jpg,my-first-i-can-read,Biscuit Loves the Park
,Paperback,https://i.harperapps.com/covers/9780062872593/x200.jpg,my-first-i-can-read,Pete the Cat: Big Reading Adventures
,Downloadable audio file,https://i.harperapps.com/covers/9780062468550/x200.jpg,my-first-i-can-read,Pete the Cat: Sir Pete the Brave
,Hardcover,https://i.harperapps.com/covers/9780062398697/x200.jpg,my-first-i-can-read,Fox the Tiger
,Hardcover,https://i.harperapps.com/covers/9780062364258/x200.jpg,i-can-read-level-1,Chicken in Charge
,Hardcover,https://i.harperapps.com/covers/9780062888679/x200.jpg,i-can-read-level-1,Disney Junior Fancy Nancy: Mademoiselle Mom
,Hardcover,https://i.harperapps.com/covers/9780062888686/x200.jpg,i-can-read-level-1,Disney Junior Fancy Nancy: The Case of the Disappearing Doll
,Hardcover,https://i.harperapps.com/covers/9780062279170/x200.jpg,i-can-read-level-1,Clark the Shark: Too Many Treats
,Hardcover,https://i.harperapps.com/covers/9780062883117/x200.jpg,i-can-read-level-1,Danny and the Dinosaur Storybook Favorites
,Hardcover,https://i.harperapps.com/covers/9780062363695/x200.jpg,i-can-read-level-1,Louise and the Class Pet
,Hardcover,https://i.harperapps.com/covers/9780062675309/x200.jpg,i-can-read-level-1,Pete the Cat Goes Camping
,Hardcover,https://i.harperapps.com/covers/9780062432209/x200.jpg,i-can-read-level-1,Ranger Rick: I Wish I Was a Wolf
,Hardcover,https://i.harperapps.com/covers/9780062675675/x200.jpg,i-can-read-level-1,Pinkalicious and the Flower Fairy
,Hardcover,https://i.harperapps.com/covers/9780062658920/x200.jpg,i-can-read-level-1,Amelia Bedelia Under the Weather
,Paperback,https://i.harperapps.com/covers/9780064441001/x200.jpg,i-can-read-level-3,The Long Way to a New Land
,Paperback,https://i.harperapps.com/covers/9780064442060/x200.jpg,i-can-read-level-3,Snowshoe Thompson
,Paperback,https://i.harperapps.com/covers/9780064441988/x200.jpg,i-can-read-level-3,The Long Way Westward
,Paperback,https://i.harperapps.com/covers/9780064442343/x200.jpg,i-can-read-level-3,A Bear for Miguel
,Paperback,https://i.harperapps.com/covers/9780064442206/x200.jpg,i-can-read-level-3,Buffalo Bill and the Pony Express
,Paperback,https://i.harperapps.com/covers/9780064441919/x200.jpg,i-can-read-level-3,Weather
,Paperback,https://i.harperapps.com/covers/9780064441537/x200.jpg,i-can-read-level-3,Magic Secrets
,Paperback,https://i.harperapps.com/covers/9780064441346/x200.jpg,i-can-read-level-3,Clara and the Bookwagon
,Paperback,https://i.harperapps.com/covers/9780064441445/x200.jpg,i-can-read-level-3,Greg's Microscope
,Paperback,https://i.harperapps.com/covers/9780064441063/x200.jpg,i-can-read-level-3,George the Drummer Boy
,Hardcover,https://i.harperapps.com/covers/9780062432179/x200.jpg,i-can-read-level-1,Ranger Rick: I Wish I Was a Polar Bear
,Hardcover,https://i.harperapps.com/covers/9780062344731/x200.jpg,i-can-read-level-1,Mighty Truck: Zip and Beep
,Hardcover,https://i.harperapps.com/covers/9780062410535/x200.jpg,i-can-read-level-1,Danny and the Dinosaur: The Big Sneeze
,Hardcover,https://i.harperapps.com/covers/9780062350244/x200.jpg,i-can-read-level-1,The Berenstain Bears Around the World
,Hardcover,https://i.harperapps.com/covers/9780062357069/x200.jpg,i-can-read-level-1,"Build, Dogs, Build"
,Hardcover,https://i.harperapps.com/covers/9780062350190/x200.jpg,i-can-read-level-1,The Berenstain Bears Take Off!
,Hardcover,https://i.harperapps.com/covers/9780062432476/x200.jpg,i-can-read-level-1,I Want to Be a Veterinarian
,Hardcover,https://i.harperapps.com/covers/9780062675651/x200.jpg,i-can-read-level-1,Pinkalicious and the Amazing Sled Run
,Paperback,https://i.harperapps.com/covers/9780062654595/x200.jpg,i-can-read-level-1,My Favorite Berenstain Bears Stories
,Downloadable audio file,https://i.harperapps.com/covers/9780062448262/x200.jpg,i-can-read-level-1,Fancy Nancy: It's Backward Day!
,Hardcover,https://i.harperapps.com/covers/9780062643384/x200.jpg,i-can-read-level-2,"In a Dark, Dark Room and Other Scary Stories"
,Hardcover,https://i.harperapps.com/covers/9780062572790/x200.jpg,i-can-read-level-2,Amelia Bedelia
,Paperback,https://i.harperapps.com/covers/9780062443564/x200.jpg,i-can-read-level-2,Amelia Bedelia I Can Read Box Set #1: Amelia Bedelia Hit the Books
,Downloadable audio file,https://i.harperapps.com/covers/9780062367969/x200.jpg,i-can-read-level-2,Flat Stanley and the Very Big Cookie
,Downloadable audio file,https://i.harperapps.com/covers/9780062345691/x200.jpg,i-can-read-level-2,Riff Raff Sails the High Cheese
,Hardcover,https://i.harperapps.com/covers/9780060239596/x200.jpg,i-can-read-level-2,Frog and Toad Together
,Paperback,https://i.harperapps.com/covers/9780062344922/x200.jpg,i-can-read-level-2,Batman Classic: The Joker's Ice Scream
,Hardcover,https://i.harperapps.com/covers/9780060837983/x200.jpg,i-can-read-level-2,Bread and Jam for Frances
,Hardcover,https://i.harperapps.com/covers/9780062432766/x200.jpg,i-can-read-level-2,Martin Luther King Jr.: A Peaceful Leader
,Paperback,https://i.harperapps.com/covers/9780062344885/x200.jpg,i-can-read-level-2,Superman Classic: A Giant Attack
,Paperback,https://i.harperapps.com/covers/9780060730093/x200.jpg,i-can-read-level-3,Minnie and Moo: The Case of the Missing Jelly Donut
,Downloadable audio file,https://i.harperapps.com/covers/9780062324320/x200.jpg,i-can-read-level-2,"Flat Stanley: Show-and-Tell, Flat Stanley!"
,Downloadable audio file,https://i.harperapps.com/covers/9780062324337/x200.jpg,i-can-read-level-2,Riff Raff the Mouse Pirate
,Hardcover,https://i.harperapps.com/covers/9780060239503/x200.jpg,i-can-read-level-2,Frog and Toad All Year
,Hardcover,https://i.harperapps.com/covers/9780060854782/x200.jpg,i-can-read-level-2,Monster School: The Spooky Sleepover
,Hardcover,https://i.harperapps.com/covers/9780062432674/x200.jpg,i-can-read-level-2,George Washington: The First President
,Hardcover,https://i.harperapps.com/covers/9780062252661/x200.jpg,i-can-read-level-2,Rappy Goes to the Library
,Hardcover,https://i.harperapps.com/covers/9780062086655/x200.jpg,i-can-read-level-2,Pony Scouts: The Camping Trip
,Hardcover,https://i.harperapps.com/covers/9780060838041/x200.jpg,i-can-read-level-2,A Baby Sister for Frances
,Paperback,https://i.harperapps.com/covers/9780060838034/x200.jpg,i-can-read-level-2,Best Friends for Frances
,Hardcover,https://i.harperapps.com/covers/9780062367471/x200.jpg,i-can-read-level-2,My Weird School: Class Pet Mess!
,Hardcover,https://i.harperapps.com/covers/9780062334312/x200.jpg,i-can-read-level-1,Amelia Bedelia Takes the Cake
,Hardcover,https://i.harperapps.com/covers/9780062888655/x200.jpg,i-can-read-level-1,Disney Junior Fancy Nancy: Nancy Makes Her Mark
,Hardcover,https://i.harperapps.com/covers/9780062350145/x200.jpg,i-can-read-level-1,The Berenstain Bears: We Love Soccer!
,Hardcover,https://i.harperapps.com/covers/9780062279118/x200.jpg,i-can-read-level-1,Clark the Shark: Lost and Found
,Downloadable audio file,https://i.harperapps.com/covers/9780062449641/x200.jpg,i-can-read-level-1,"Dig, Dogs, Dig"
,Paperback,https://i.harperapps.com/covers/9780062082053/x200.jpg,i-can-read-level-1,Penny and Her Marble
,Hardcover,https://i.harperapps.com/covers/9780062350091/x200.jpg,i-can-read-level-1,The Berenstain Bears Are SuperBears!
,Hardcover,https://i.harperapps.com/covers/9780062410740/x200.jpg,i-can-read-level-1,Pinkalicious: Story Time
,Hardcover,https://i.harperapps.com/covers/9780062658890/x200.jpg,i-can-read-level-1,Amelia Bedelia Gets a Break
,Hardcover,https://i.harperapps.com/covers/9780062888648/x200.jpg,i-can-read-level-1,Disney Junior Fancy Nancy: Chez Nancy
,Hardcover,https://i.harperapps.com/covers/9780060239633/x200.jpg,i-can-read-level-2,Days with Frog and Toad
,Hardcover,https://i.harperapps.com/covers/9780062074874/x200.jpg,i-can-read-level-2,Marley: Marley Learns a Lesson
,Hardcover,https://i.harperapps.com/covers/9780062086747/x200.jpg,i-can-read-level-2,Pony Scouts: The New Pony
,Paperback,https://i.harperapps.com/covers/9780062360953/x200.jpg,i-can-read-level-2,Batgirl Classic: On the Case!
,Paperback,https://i.harperapps.com/covers/9780062313300/x200.jpg,i-can-read-level-2,After the Dinosaurs Box Set
,Paperback,https://i.harperapps.com/covers/9780062210043/x200.jpg,i-can-read-level-2,Batman Classic: Winter Wasteland
,Hardcover,https://i.harperapps.com/covers/9780061430138/x200.jpg,i-can-read-level-2,Flat Stanley Goes Camping
,Hardcover,https://i.harperapps.com/covers/9780060837952/x200.jpg,i-can-read-level-2,A Birthday for Frances
,Hardcover,https://i.harperapps.com/covers/9780062086716/x200.jpg,i-can-read-level-2,Pony Scouts: The Trail Ride
,Hardcover,https://i.harperapps.com/covers/9780062232847/x200.jpg,i-can-read-level-2,Walking with Dinosaurs: The Winter Ground
,Hardcover,https://i.harperapps.com/covers/9780062232861/x200.jpg,i-can-read-level-2,Walking with Dinosaurs: Friends Stick Together
,Hardcover,https://i.harperapps.com/covers/9780062086808/x200.jpg,i-can-read-level-2,Pony Scouts: Pony Party
,Hardcover,https://i.harperapps.com/covers/9780062086778/x200.jpg,i-can-read-level-2,Pony Scouts: Blue Ribbon Day
,Paperback,https://i.harperapps.com/covers/9780060007362/x200.jpg,i-can-read-level-2,The Best Seat in Second Grade
,Hardcover,https://i.harperapps.com/covers/9780060239497/x200.jpg,i-can-read-level-2,Owl at Home
,Paperback,https://i.harperapps.com/covers/9780062210081/x200.jpg,i-can-read-level-2,Batman Classic: Batman versus the Riddler
,Paperback,https://i.harperapps.com/covers/9780062294968/x200.jpg,i-can-read-level-2,Plants vs. Zombies: Save Your Brains!
,Paperback,https://i.harperapps.com/covers/9780062210050/x200.jpg,i-can-read-level-2,Justice League Classic: I Am the Flash
,Hardcover,https://i.harperapps.com/covers/9780062086693/x200.jpg,i-can-read-level-2,Pony Scouts: Runaway Ponies!
,Paperback,https://i.harperapps.com/covers/9780061473722/x200.jpg,i-can-read-level-2,Zack's Alligator and the First Snow
,Hardcover,https://i.harperapps.com/covers/9780062432148/x200.jpg,i-can-read-level-1,Ranger Rick: I Wish I Was an Elephant
,Hardcover,https://i.harperapps.com/covers/9780062364197/x200.jpg,i-can-read-level-1,Chicken on Vacation
,Hardcover,https://i.harperapps.com/covers/9780062410498/x200.jpg,i-can-read-level-1,Danny and the Dinosaur and the Sand Castle Contest
,Hardcover,https://i.harperapps.com/covers/9780062566997/x200.jpg,i-can-read-level-1,Pinkalicious and the Pirates
,Hardcover,https://i.harperapps.com/covers/9780062410696/x200.jpg,i-can-read-level-1,Pinkalicious and Planet Pink
,Downloadable audio file,https://i.harperapps.com/covers/9780062468512/x200.jpg,i-can-read-level-1,Paddington and the Magic Trick
,Downloadable audio file,https://i.harperapps.com/covers/9780062468499/x200.jpg,i-can-read-level-1,Paddington Sets Sail
,Hardcover,https://i.harperapps.com/covers/9780062377906/x200.jpg,i-can-read-level-1,"Fancy Nancy: Bubbles, Bubbles, and More Bubbles!"
,Downloadable audio file,https://i.harperapps.com/covers/9780062345592/x200.jpg,i-can-read-level-1,Fancy Nancy: Peanut Butter and Jellyfish
,Hardcover,https://i.harperapps.com/covers/9780062334282/x200.jpg,i-can-read-level-1,Amelia Bedelia by the Yard
,Hardcover,https://i.harperapps.com/covers/9780062294258/x200.jpg,i-can-read-level-1,Splat the Cat and the Quick Chicks
,Hardcover,https://i.harperapps.com/covers/9780062347787/x200.jpg,i-can-read-level-1,Charlie the Ranch Dog: Rock Star
,Hardcover,https://i.harperapps.com/covers/9780062294227/x200.jpg,i-can-read-level-1,Splat the Cat: Twice the Mice
,Hardcover,https://i.harperapps.com/covers/9780062245991/x200.jpg,i-can-read-level-1,Pinkalicious and the Sick Day
,Hardcover,https://i.harperapps.com/covers/9780062269799/x200.jpg,i-can-read-level-1,Fancy Nancy: Super Secret Surprise Party
,Paperback,https://i.harperapps.com/covers/9780062082015/x200.jpg,i-can-read-level-1,Penny and Her Doll
,Paperback,https://i.harperapps.com/covers/9780062081971/x200.jpg,i-can-read-level-1,Penny and Her Song
,Hardcover,https://i.harperapps.com/covers/9780062344670/x200.jpg,i-can-read-level-1,Mighty Truck on the Farm
,Hardcover,https://i.harperapps.com/covers/9780062344700/x200.jpg,i-can-read-level-1,Mighty Truck: The Traffic Tie-Up
,Hardcover,https://i.harperapps.com/covers/9780062470706/x200.jpg,i-can-read-level-1,The Danny and the Dinosaur Storybook Collection
,Hardcover,https://i.harperapps.com/covers/9780062675224/x200.jpg,i-can-read-level-1,Pete the Cat and the Cool Caterpillar
,Hardcover,https://i.harperapps.com/covers/9780062083142/x200.jpg,i-can-read-level-1,Fancy Nancy: Just My Luck!
,Hardcover,https://i.harperapps.com/covers/9780062083111/x200.jpg,i-can-read-level-1,Fancy Nancy: Apples Galore!
,Hardcover,https://i.harperapps.com/covers/9780062334251/x200.jpg,i-can-read-level-1,Amelia Bedelia Is for the Birds
,Hardcover,https://i.harperapps.com/covers/9780062245960/x200.jpg,i-can-read-level-1,Pinkalicious and the Pink Parakeet
,Paperback,https://i.harperapps.com/covers/9780062313362/x200.jpg,i-can-read-level-1,Funny School Stories: Learning to Read Box Set
,Hardcover,https://i.harperapps.com/covers/9780062432414/x200.jpg,i-can-read-level-1,I Want to Be a Doctor
,Hardcover,https://i.harperapps.com/covers/9780062350398/x200.jpg,i-can-read-level-1,The Berenstain Bears' Big Machines
,Hardcover,https://i.harperapps.com/covers/9780062281562/x200.jpg,i-can-read-level-1,Danny and the Dinosaur: Too Tall
,Hardcover,https://i.harperapps.com/covers/9780062281531/x200.jpg,i-can-read-level-1,Danny and the Dinosaur and the New Puppy
,Hardcover,https://i.harperapps.com/covers/9780062398727/x200.jpg,my-first-i-can-read,Fox Is Late
,Hardcover,https://i.harperapps.com/covers/9780062675255/x200.jpg,my-first-i-can-read,Pete the Cat's Groovy Bake Sale
,Hardcover,https://i.harperapps.com/covers/9780062366610/x200.jpg,my-first-i-can-read,"Otter: Hello, Sea Friends!"
,Downloadable audio file,https://i.harperapps.com/covers/9780062448231/x200.jpg,my-first-i-can-read,Pete the Cat: Scuba-Cat
,Hardcover,https://i.harperapps.com/covers/9780062303868/x200.jpg,my-first-i-can-read,Pete the Cat's Train Trip
,Hardcover,https://i.harperapps.com/covers/9780062366580/x200.jpg,my-first-i-can-read,"Otter: Oh No, Bath Time!"
,Hardcover,https://i.harperapps.com/covers/9780062366559/x200.jpg,my-first-i-can-read,Otter: The Best Job Ever!
,Hardcover,https://i.harperapps.com/covers/9780062236975/x200.jpg,my-first-i-can-read,Biscuit Feeds the Pets
,Hardcover,https://i.harperapps.com/covers/9780062436153/x200.jpg,my-first-i-can-read,Biscuit and the Big Parade!
,Downloadable audio file,https://i.harperapps.com/covers/9780062324795/x200.jpg,my-first-i-can-read,Pete the Cat: A Pet for Pete
,Hardcover,https://i.harperapps.com/covers/9780062075604/x200.jpg,i-can-read-level-1,The Berenstain Bears: Gone Fishin'!
,Hardcover,https://i.harperapps.com/covers/9780062075451/x200.jpg,i-can-read-level-1,The Berenstain Bears' Lemonade Stand
,Hardcover,https://i.harperapps.com/covers/9780062075369/x200.jpg,i-can-read-level-1,The Berenstain Bears: We Love Trucks!
,Hardcover,https://i.harperapps.com/covers/9780062572776/x200.jpg,i-can-read-level-1,Danny and the Dinosaur
,Downloadable audio file,https://i.harperapps.com/covers/9780062345806/x200.jpg,i-can-read-level-1,Pinkalicious: Tutu-rrific
,Hardcover,https://i.harperapps.com/covers/9780062083081/x200.jpg,i-can-read-level-1,Fancy Nancy: Too Many Tutus
,Hardcover,https://i.harperapps.com/covers/9780062432452/x200.jpg,i-can-read-level-1,I Want to Be a Police Officer
,Hardcover,https://i.harperapps.com/covers/9780062654564/x200.jpg,i-can-read-level-1,The Berenstain Bears and the Ducklings
,Downloadable audio file,https://i.harperapps.com/covers/9780062398017/x200.jpg,i-can-read-level-1,Splat the Cat: I Scream for Ice Cream
,Downloadable audio file,https://i.harperapps.com/covers/9780062367990/x200.jpg,i-can-read-level-1,Pinkalicious: Cherry Blossom
,Hardcover,https://i.harperapps.com/covers/9780062265357/x200.jpg,my-first-i-can-read,Little Critter: Just a Baby Bird
,Paperback,https://i.harperapps.com/covers/9780064443104/x200.jpg,my-first-i-can-read,Bizcocho
,Hardcover,https://i.harperapps.com/covers/9780062110732/x200.jpg,my-first-i-can-read,Pete the Cat: Pete at the Beach
,Downloadable audio file,https://i.harperapps.com/covers/9780062468093/x200.jpg,my-first-i-can-read,"Otter: Oh No, Bath Time!"
,Downloadable audio file,https://i.harperapps.com/covers/9780062468109/x200.jpg,my-first-i-can-read,Otter: The Best Job Ever!
,Hardcover,https://i.harperapps.com/covers/9780062110701/x200.jpg,my-first-i-can-read,Pete the Cat: Pete's Big Lunch
,Hardcover,https://i.harperapps.com/covers/9780062110671/x200.jpg,my-first-i-can-read,Pete the Cat: Play Ball!
,Downloadable audio file,https://i.harperapps.com/covers/9780062322319/x200.jpg,my-first-i-can-read,Pete the Cat: Too Cool for School
,Hardcover,https://i.harperapps.com/covers/9780062236944/x200.jpg,my-first-i-can-read,Biscuit Goes Camping
,Downloadable audio file,https://i.harperapps.com/covers/9780062345622/x200.jpg,my-first-i-can-read,Huff and Puff Have Too Much Stuff!
,Hardcover,https://i.harperapps.com/covers/9780062378026/x200.jpg,my-first-i-can-read,Fancy Nancy: JoJo and Daddy Bake a Cake
,Hardcover,https://i.harperapps.com/covers/9780062675194/x200.jpg,my-first-i-can-read,Pete the Cat and the Lost Tooth
,eBook,https://i.harperapps.com/covers/9780062411860/x200.jpg,my-first-i-can-read,Pete the Cat: Three Groovy Books Collection
,Hardcover,https://i.harperapps.com/covers/9780062071996/x200.jpg,my-first-i-can-read,Little Critter: Just a Teacher's Pet
,Hardcover,https://i.harperapps.com/covers/9780062086891/x200.jpg,my-first-i-can-read,Mia and the Girl with a Twirl
,Downloadable audio file,https://i.harperapps.com/covers/9780062365897/x200.jpg,my-first-i-can-read,Pete the Cat's Super Cool Reading Collection
,Hardcover,https://i.harperapps.com/covers/9780062222305/x200.jpg,my-first-i-can-read,Axel the Truck: Beach Race
,Hardcover,https://i.harperapps.com/covers/9780062222244/x200.jpg,my-first-i-can-read,Digger the Dinosaur and the Cake Mistake
,Hardcover,https://i.harperapps.com/covers/9780062222220/x200.jpg,my-first-i-can-read,Digger the Dinosaur
,Downloadable audio file,https://i.harperapps.com/covers/9780062324184/x200.jpg,my-first-i-can-read,Huff and Puff and the New Train
,Downloadable audio file,https://i.harperapps.com/covers/9780062367976/x200.jpg,i-can-read-level-1,Splat the Cat and the Hotshot
,Hardcover,https://i.harperapps.com/covers/9780062347756/x200.jpg,i-can-read-level-1,Charlie the Ranch Dog: Stuck in the Mud
,Downloadable audio file,https://i.harperapps.com/covers/9780062125019/x200.jpg,i-can-read-level-1,Fancy Nancy Sees Stars
,Hardcover,https://i.harperapps.com/covers/9780062363664/x200.jpg,i-can-read-level-1,Louise Loves Bake Sales
,Hardcover,https://i.harperapps.com/covers/9780062083012/x200.jpg,i-can-read-level-1,Fancy Nancy and the Too-Loose Tooth
,Hardcover,https://i.harperapps.com/covers/9780062001801/x200.jpg,i-can-read-level-1,Fancy Nancy: Hair Dos and Hair Don'ts
,Hardcover,https://i.harperapps.com/covers/9780062083050/x200.jpg,i-can-read-level-1,Fancy Nancy: Fancy Day in Room 1-A
,Hardcover,https://i.harperapps.com/covers/9780062075284/x200.jpg,i-can-read-level-1,The Berenstain Bears and Mama for Mayor!
,Hardcover,https://i.harperapps.com/covers/9780062075253/x200.jpg,i-can-read-level-1,The Berenstain Bears at the Aquarium
,Hardcover,https://i.harperapps.com/covers/9780061689727/x200.jpg,i-can-read-level-1,The Berenstain Bears and the Shaggy Little Pony
,Hardcover,https://i.harperapps.com/covers/9780062305022/x200.jpg,my-first-i-can-read,Huff and Puff
,Hardcover,https://i.harperapps.com/covers/9780061702242/x200.jpg,my-first-i-can-read,Mittens at School
,Hardcover,https://i.harperapps.com/covers/9780062572813/x200.jpg,my-first-i-can-read,Little Critter: Going to the Sea Park
,Hardcover,https://i.harperapps.com/covers/9780062572714/x200.jpg,my-first-i-can-read,Pete the Cat and the Bad Banana
,Downloadable audio file,https://i.harperapps.com/covers/9780062322302/x200.jpg,my-first-i-can-read,Mia Jazzes It Up!
,Downloadable audio file,https://i.harperapps.com/covers/9780062314864/x200.jpg,my-first-i-can-read,Axel the Truck: Speed Track
,Paperback,https://i.harperapps.com/covers/9780062352156/x200.jpg,my-first-i-can-read,Pinkalicious Phonics Box Set
,Hardcover,https://i.harperapps.com/covers/9780061935077/x200.jpg,my-first-i-can-read,Biscuit Loves the Library
,Hardcover,https://i.harperapps.com/covers/9780062572769/x200.jpg,my-first-i-can-read,biscuit
,Hardcover,https://i.harperapps.com/covers/9780062071989/x200.jpg,my-first-i-can-read,Little Critter: Just a Special Day
,Hardcover,https://i.harperapps.com/covers/9780062353191/x200.jpg,my-first-i-can-read,"Duck, Duck, Dinosaur: Snowy Surprise"
,Hardcover,https://i.harperapps.com/covers/9780062377968/x200.jpg,my-first-i-can-read,Fancy Nancy: JoJo and the Magic Trick
,Hardcover,https://i.harperapps.com/covers/9780062377999/x200.jpg,my-first-i-can-read,Fancy Nancy: JoJo and the Big Mess
,Paperback,https://i.harperapps.com/covers/9780062223463/x200.jpg,my-first-i-can-read,The Berenstain Bears Phonics Fun
,Paperback,https://i.harperapps.com/covers/9780060546649/x200.jpg,my-first-i-can-read,"What's That, Mittens?"
,Hardcover,https://i.harperapps.com/covers/9780062071972/x200.jpg,my-first-i-can-read,Little Critter: Just a Kite
,Hardcover,https://i.harperapps.com/covers/9780060741709/x200.jpg,my-first-i-can-read,Biscuit and the Little Pup
,Paperback,https://i.harperapps.com/covers/9780060546618/x200.jpg,my-first-i-can-read,Mittens
,Hardcover,https://i.harperapps.com/covers/9780060741679/x200.jpg,my-first-i-can-read,Biscuit's Day at the Farm
,Hardcover,https://i.harperapps.com/covers/9780060094591/x200.jpg,my-first-i-can-read,Biscuit and the Baby
,Hardcover,https://i.harperapps.com/covers/9780061689710/x200.jpg,i-can-read-level-1,The Berenstain Bears: All Aboard!
,Hardcover,https://i.harperapps.com/covers/9780061689734/x200.jpg,i-can-read-level-1,The Berenstain Bears' Class Trip
,Hardcover,https://i.harperapps.com/covers/9780061689741/x200.jpg,i-can-read-level-1,The Berenstain Bears' Sleepover
,Downloadable audio file,https://i.harperapps.com/covers/9780062397409/x200.jpg,i-can-read-level-1,Clark the Shark: Tooth Trouble
,Hardcover,https://i.harperapps.com/covers/9780062432117/x200.jpg,i-can-read-level-1,Ranger Rick: I Wish I Was a Gorilla
,Hardcover,https://i.harperapps.com/covers/9780062566942/x200.jpg,i-can-read-level-1,Pinkalicious at the Fair
,eBook,https://i.harperapps.com/covers/9780062411877/x200.jpg,i-can-read-level-1,Fancy Nancy's Fabulous I Can Read Collection
,Hardcover,https://i.harperapps.com/covers/9780062086617/x200.jpg,i-can-read-level-1,Dixie and the Best Day Ever
,Hardcover,https://i.harperapps.com/covers/9780062116031/x200.jpg,i-can-read-level-1,"Splat the Cat: Splat and Seymour, Best Friends Forevermore"
,Downloadable audio file,https://i.harperapps.com/covers/9780062124876/x200.jpg,i-can-read-level-1,The Berenstain Bears' New Kitten
,Hardcover,https://i.harperapps.com/covers/9780062404329/x200.jpg,my-first-i-can-read,Pete the Cat and the Tip-Top Tree House
,Downloadable audio file,https://i.harperapps.com/covers/9780062134875/x200.jpg,my-first-i-can-read,Axel the Truck: Rocky Road
,Hardcover,https://i.harperapps.com/covers/9780062086839/x200.jpg,my-first-i-can-read,Mia and the Tiny Toe Shoes
,Hardcover,https://i.harperapps.com/covers/9780060741648/x200.jpg,my-first-i-can-read,Biscuit Visits the Big City
,Hardcover,https://i.harperapps.com/covers/9780060280697/x200.jpg,my-first-i-can-read,Biscuit Wants to Play
,Hardcover,https://i.harperapps.com/covers/9780062404299/x200.jpg,my-first-i-can-read,Pete the Cat and the Surprise Teacher
,Paperback,https://i.harperapps.com/covers/9780062086853/x200.jpg,my-first-i-can-read,Mia Sets the Stage
,Hardcover,https://i.harperapps.com/covers/9780061935053/x200.jpg,my-first-i-can-read,Biscuit in the Garden
,Paperback,https://i.harperapps.com/covers/9780062086334/x200.jpg,my-first-i-can-read,Fancy Nancy's Fantastic Phonics
,Paperback,https://i.harperapps.com/covers/9780062688262/x200.jpg,my-first-i-can-read,Biscuit's Neighborhood
,Downloadable audio file,https://i.harperapps.com/covers/9780062134837/x200.jpg,my-first-i-can-read,Mia and the Dance for Two
,Downloadable audio file,https://i.harperapps.com/covers/9780062134820/x200.jpg,my-first-i-can-read,"Mittens, Where Is Max?"
,Downloadable audio file,https://i.harperapps.com/covers/9780062124883/x200.jpg,my-first-i-can-read,Biscuit Goes to School
,Downloadable audio file,https://i.harperapps.com/covers/9780062124760/x200.jpg,my-first-i-can-read,Mia and the Too Big Tutu
,Hardcover,https://i.harperapps.com/covers/9780060279387/x200.jpg,my-first-i-can-read,Bathtime for Biscuit
,Hardcover,https://i.harperapps.com/covers/9780062071965/x200.jpg,my-first-i-can-read,Little Critter: Just a Little Love
,Hardcover,https://i.harperapps.com/covers/9780062431431/x200.jpg,my-first-i-can-read,"Little Critter: Just Pick Us, Please!"
,Hardcover,https://i.harperapps.com/covers/9780060094577/x200.jpg,my-first-i-can-read,Biscuit Wins a Prize
,Hardcover,https://i.harperapps.com/covers/9780060291686/x200.jpg,my-first-i-can-read,Biscuit's Big Friend
,Downloadable audio file,https://i.harperapps.com/covers/9780062124692/x200.jpg,my-first-i-can-read,"Happy Halloween, Mittens"
,Paperback,https://i.harperapps.com/covers/9780061733079/x200.jpg,my-first-i-can-read,Mia and the Big Sister Ballet
,Paperback,https://i.harperapps.com/covers/9780061733055/x200.jpg,my-first-i-can-read,Mia and the Daisy Dance
,Paperback,https://i.harperapps.com/covers/9780060835613/x200.jpg,my-first-i-can-read,"Little Critter: A Green, Green Garden"
,Hardcover,https://i.harperapps.com/covers/9780061177514/x200.jpg,my-first-i-can-read,Biscuit and the Lost Teddy Bear
,Hardcover,https://i.harperapps.com/covers/9780061177477/x200.jpg,my-first-i-can-read,Biscuit Meets the Class Pet
,Paperback,https://i.harperapps.com/covers/9780064443081/x200.jpg,my-first-i-can-read,Biscuit's New Trick
,Hardcover,https://i.harperapps.com/covers/9780062353153/x200.jpg,my-first-i-can-read,"Duck, Duck, Dinosaur: Perfect Pumpkin"
,Hardcover,https://i.harperapps.com/covers/9780060835668/x200.jpg,my-first-i-can-read,Little Critter: What a Good Kitty
,Hardcover,https://i.harperapps.com/covers/9780061935039/x200.jpg,my-first-i-can-read,Biscuit Plays Ball
,Paperback,https://i.harperapps.com/covers/9780060835637/x200.jpg,my-first-i-can-read,Little Critter: Just Helping My Dad
,Hardcover,https://i.harperapps.com/covers/9780061177545/x200.jpg,my-first-i-can-read,"Scat, Cat!"
,Hardcover,https://i.harperapps.com/covers/9780060835606/x200.jpg,my-first-i-can-read,Little Critter: Just Critters Who Care
,Hardcover,https://i.harperapps.com/covers/9780060835583/x200.jpg,my-first-i-can-read,Little Critter: Just Saving My Money
,Hardcover,https://i.harperapps.com/covers/9780060835569/x200.jpg,my-first-i-can-read,Little Critter: Just a Little Sick
,Hardcover,https://i.harperapps.com/covers/9780061177453/x200.jpg,my-first-i-can-read,Biscuit Takes a Walk
,Paperback,https://i.harperapps.com/covers/9780060835491/x200.jpg,my-first-i-can-read,Little Critter: This Is My Town
,Hardcover,https://i.harperapps.com/covers/9780060835460/x200.jpg,my-first-i-can-read,Little Critter: Going to the Firehouse
,Paperback,https://i.harperapps.com/covers/9780060549220/x200.jpg,my-first-i-can-read,Peanut and Pearl's Picnic Adventure
,eBook,https://i.harperapps.com/covers/9780062374806/x200.jpg,my-first-i-can-read,Digger the Dinosaur I Can Read 4-Book Collection
,Paperback,https://i.harperapps.com/covers/9780062266897/x200.jpg,my-first-i-can-read,Learn to Read with Tug the Pup and Friends! Box Set 1
,Paperback,https://i.harperapps.com/covers/9780064442312/x200.jpg,my-first-i-can-read,"Go Away, Dog"
,Paperback,https://i.harperapps.com/covers/9780062266910/x200.jpg,my-first-i-can-read,Learn to Read with Tug the Pup and Friends! Box Set 2
,Paperback,https://i.harperapps.com/covers/9780062266934/x200.jpg,my-first-i-can-read,Learn to Read with Tug the Pup and Friends! Box Set 3
,Hardcover,https://i.harperapps.com/covers/9780061958212/x200.jpg,my-first-i-can-read,Everything Goes: Henry Goes Skating
,Hardcover,https://i.harperapps.com/covers/9780061958236/x200.jpg,my-first-i-can-read,Everything Goes: Henry on Wheels
,Hardcover,https://i.harperapps.com/covers/9780060287238/x200.jpg,my-first-i-can-read,"Chicken Said, ""Cluck!"""
,Paperback,https://i.harperapps.com/covers/9780060835514/x200.jpg,my-first-i-can-read,Little Critter: The Fall Festival
,Paperback,https://i.harperapps.com/covers/9780064442534/x200.jpg,my-first-i-can-read,The Day I Had to Play With My Sister
,Paperback,https://i.harperapps.com/covers/9780064442404/x200.jpg,my-first-i-can-read,"Oh, Cats!"
,Paperback,https://i.harperapps.com/covers/9780064442138/x200.jpg,my-first-i-can-read,Mine's the Best
,eBook,https://i.harperapps.com/covers/9780062266903/x200.jpg,my-first-i-can-read,Learn to Read with Tug the Pup and Friends! Set 1: Books 6-10
,eBook,https://i.harperapps.com/covers/9780062266927/x200.jpg,my-first-i-can-read,Learn to Read with Tug the Pup and Friends! Set 2: Books 6-10
,eBook,https://i.harperapps.com/covers/9780062266941/x200.jpg,my-first-i-can-read,Learn to Read with Tug the Pup and Friends! Set 3: Books 6-10
,eBook,https://i.harperapps.com/covers/9780062323736/x200.jpg,my-first-i-can-read,Learn to Read with Tug the Pup and Friends! Set 1: Books 1-5
,eBook,https://i.harperapps.com/covers/9780062323811/x200.jpg,my-first-i-can-read,Learn to Read with Tug the Pup and Friends! Set 2: Books 1-5
,eBook,https://i.harperapps.com/covers/9780062323828/x200.jpg,my-first-i-can-read,Learn to Read with Tug the Pup and Friends! Set 3: Books 1-5
,Downloadable audio file,https://i.harperapps.com/covers/9780062124784/x200.jpg,my-first-i-can-read,Whose Hat Is It?
,Hardcover,https://i.harperapps.com/covers/9780060274122/x200.jpg,my-first-i-can-read,Biscuit Finds a Friend
,Paperback,https://i.harperapps.com/covers/9780060527785/x200.jpg,my-first-i-can-read,Loose Tooth
,eBook,https://i.harperapps.com/covers/9780062238344/x200.jpg,my-first-i-can-read,Digger the Dinosaur and the Play Day
,eBook,https://i.harperapps.com/covers/9780062238368/x200.jpg,my-first-i-can-read,Huff and Puff Sing Along
,Paperback,https://i.harperapps.com/covers/9780060546670/x200.jpg,my-first-i-can-read,"Follow Me, Mittens"
,Paperback,https://i.harperapps.com/covers/9780060835439/x200.jpg,my-first-i-can-read,Little Critter: Snowball Soup
,Paperback,https://i.harperapps.com/covers/9780064442671/x200.jpg,my-first-i-can-read,Thump and Plunk
,Paperback,https://i.harperapps.com/covers/9780061958182/x200.jpg,my-first-i-can-read,Everything Goes: Henry in a Jam
,Hardcover,https://i.harperapps.com/covers/9780061363092/x200.jpg,my-first-i-can-read,Tick Tock Clock
,Paperback,https://i.harperapps.com/covers/9780064442824/x200.jpg,my-first-i-can-read,"Splish, Splash!"
,Hardcover,https://i.harperapps.com/covers/9780062748478/x200.jpg,my-first-i-can-read,Pete the Cat and the Tip-Top Tree House (backpack special edition)
,Hardcover,https://i.harperapps.com/covers/9780062353122/x200.jpg,my-first-i-can-read,"Duck, Duck, Dinosaur: Bubble Blast"
,Hardcover,https://i.harperapps.com/covers/9780062366641/x200.jpg,my-first-i-can-read,Otter: Let's Go Swimming!
,Downloadable audio file,https://i.harperapps.com/covers/9780062570505/x200.jpg,my-first-i-can-read,Pete the Cat: Snow Daze
,Paperback,https://i.harperapps.com/covers/9780064442497/x200.jpg,my-first-i-can-read,"I See, You Saw"
,Paperback,https://i.harperapps.com/covers/9780060835477/x200.jpg,my-first-i-can-read,Little Critter: To the Rescue!
,Paperback,https://i.harperapps.com/covers/9780064442732/x200.jpg,my-first-i-can-read,How Many Fish?
,Paperback,https://i.harperapps.com/covers/9780064442114/x200.jpg,my-first-i-can-read,Sid and Sam
,Paperback,https://i.harperapps.com/covers/9780062086532/x200.jpg,my-first-i-can-read,Biscuit: More Phonics Fun
,Paperback,https://i.harperapps.com/covers/9780061478253/x200.jpg,my-first-i-can-read,Little Critter Phonics Fun
,Paperback,https://i.harperapps.com/covers/9780061885419/x200.jpg,my-first-i-can-read,Superman Classic: Superman Phonics Fun
,Hardcover,https://i.harperapps.com/covers/9780062237019/x200.jpg,my-first-i-can-read,Biscuit Flies a Kite
,eBook,https://i.harperapps.com/covers/9780062238337/x200.jpg,my-first-i-can-read,Digger the Dinosaur and the Wrong Song
,CD-Audio,https://i.harperapps.com/covers/9780061765018/x200.jpg,my-first-i-can-read,Mittens Book and CD
,Paperback,https://i.harperapps.com/covers/9780062075673/x200.jpg,my-first-i-can-read,Little Critter Collection
,Paperback,https://i.harperapps.com/covers/9780061885426/x200.jpg,my-first-i-can-read,Batman Classic: Batman Phonics Fun
,Paperback,https://i.harperapps.com/covers/9780061432040/x200.jpg,my-first-i-can-read,Biscuit Phonics Fun
,CD-Audio,https://i.harperapps.com/covers/9780061335389/x200.jpg,my-first-i-can-read,Bathtime for Biscuit Book and CD
,CD-Audio,https://i.harperapps.com/covers/9780061247729/x200.jpg,my-first-i-can-read,Biscuit Finds a Friend Book and CD
,CD-Audio,https://i.harperapps.com/covers/9780060741051/x200.jpg,my-first-i-can-read,Biscuit Book and CD
,CD-Audio,https://i.harperapps.com/covers/9780060786861/x200.jpg,my-first-i-can-read,Biscuit Goes to School Book and CD
,Paperback,https://i.harperapps.com/covers/9780060589332/x200.jpg,my-first-i-can-read,Biscuit's My First I Can Read Book Collection
,Hardcover,https://i.harperapps.com/covers/9780062431417/x200.jpg,my-first-i-can-read,Little Critter: Just an Adventure at Sea
,Paperback,https://i.harperapps.com/covers/9780061435263/x200.jpg,my-first-i-can-read,Bizcocho encuentra un amigo
,Paperback,https://i.harperapps.com/covers/9780062404527/x200.jpg,my-first-i-can-read,Pete the Cat Phonics Box
,Hardcover,https://i.harperapps.com/covers/9780062651747/x200.jpg,my-first-i-can-read,Cat and Dog
,CD-Audio,https://i.harperapps.com/covers/9780061765025/x200.jpg,my-first-i-can-read,"Go Away, Dog Book and CD"
,CD-Audio,https://i.harperapps.com/covers/9780061765001/x200.jpg,my-first-i-can-read,Biscuit's New Trick Book and CD
,Paperback,https://i.harperapps.com/covers/9780060560331/x200.jpg,my-first-i-can-read,Pedro's Burro
,Downloadable audio file,https://i.harperapps.com/covers/9780062570208/x200.jpg,my-first-i-can-read,Itty Bitty Kitty: Firehouse Fun
,Paperback,https://i.harperapps.com/covers/9780062653499/x200.jpg,my-first-i-can-read,Little Critter Collector's Quintet
,Hardcover,https://i.harperapps.com/covers/9780061430060/x200.jpg,i-can-read-level-2,Flat Stanley and the Firehouse
,Hardcover,https://i.harperapps.com/covers/9780061430046/x200.jpg,i-can-read-level-2,Flat Stanley and the Haunted House
,Hardcover,https://i.harperapps.com/covers/9780062572738/x200.jpg,i-can-read-level-2,Frog and Toad Are Friends
,Paperback,https://i.harperapps.com/covers/9780064441049/x200.jpg,i-can-read-level-2,Uncle Elephant
,Paperback,https://i.harperapps.com/covers/9780060843601/x200.jpg,i-can-read-level-2,Amelia Bedelia Bakes Off
,Hardcover,https://i.harperapps.com/covers/9780062074843/x200.jpg,i-can-read-level-2,Marley: Firehouse Dog
,Hardcover,https://i.harperapps.com/covers/9780062655264/x200.jpg,i-can-read-level-2,Emmett's Pig
,Hardcover,https://i.harperapps.com/covers/9780062252630/x200.jpg,i-can-read-level-2,Rappy Goes to the Supermarket
,Hardcover,https://i.harperapps.com/covers/9780060854768/x200.jpg,i-can-read-level-2,Monster School: First Day Frights
,Paperback,https://i.harperapps.com/covers/9780064440332/x200.jpg,i-can-read-level-2,Arthur's Honey Bear
,Paperback,https://i.harperapps.com/covers/9780064440158/x200.jpg,i-can-read-level-2,"No Fighting, No Biting!"
,Hardcover,https://i.harperapps.com/covers/9780060239411/x200.jpg,i-can-read-level-2,Mouse Tales
,Downloadable audio file,https://i.harperapps.com/covers/9780062134844/x200.jpg,i-can-read-level-2,Marley: Not a Peep!
,Downloadable audio file,https://i.harperapps.com/covers/9780062134813/x200.jpg,i-can-read-level-2,Marley: The Dog Who Cried Woof
,Downloadable audio file,https://i.harperapps.com/covers/9780062124807/x200.jpg,i-can-read-level-2,Pony Scouts: Back in the Saddle
,Downloadable audio file,https://i.harperapps.com/covers/9780062124814/x200.jpg,i-can-read-level-2,Pony Scouts: At the Show
,Downloadable audio file,https://i.harperapps.com/covers/9780062124821/x200.jpg,i-can-read-level-2,Pony Scouts: Pony Crazy
,Downloadable audio file,https://i.harperapps.com/covers/9780062124838/x200.jpg,i-can-read-level-2,Pony Scouts: Really Riding!
,Downloadable audio file,https://i.harperapps.com/covers/9780062124753/x200.jpg,i-can-read-level-2,"Gilbert, the Surfer Dude"
,Downloadable audio file,https://i.harperapps.com/covers/9780062124623/x200.jpg,i-can-read-level-2,Marley: Marley and the Runaway Pumpkin
,Downloadable audio file,https://i.harperapps.com/covers/9780062124647/x200.jpg,i-can-read-level-2,Marley: Messy Dog
,Downloadable audio file,https://i.harperapps.com/covers/9780062124654/x200.jpg,i-can-read-level-2,Marley: Snow Dog Marley
,Downloadable audio file,https://i.harperapps.com/covers/9780062124661/x200.jpg,i-can-read-level-2,"Marley: Strike Three, Marley!"
,Paperback,https://i.harperapps.com/covers/9780064441209/x200.jpg,i-can-read-level-2,Small Pig
,Paperback,https://i.harperapps.com/covers/9780062313324/x200.jpg,i-can-read-level-2,Frog and Toad and Friends Box Set
,Paperback,https://i.harperapps.com/covers/9780062284983/x200.jpg,i-can-read-level-2,Rio 2: One Big Blue Family
,Paperback,https://i.harperapps.com/covers/9780062210012/x200.jpg,i-can-read-level-2,Superman Classic: Day of Doom
,Paperback,https://i.harperapps.com/covers/9780062210067/x200.jpg,i-can-read-level-2,Justice League Classic: I Am Green Lantern
,Paperback,https://i.harperapps.com/covers/9780062252234/x200.jpg,i-can-read-level-2,Alvin and the Chipmunks: Alvin and the Substitute Teacher
,Hardcover,https://i.harperapps.com/covers/9780061252143/x200.jpg,i-can-read-level-2,Gilbert and the Lost Tooth
,Paperback,https://i.harperapps.com/covers/9780060005306/x200.jpg,i-can-read-level-2,The Day the Dinosaurs Died
,Paperback,https://i.harperapps.com/covers/9780060511067/x200.jpg,i-can-read-level-2,Amelia Bedelia Goes Camping
,Paperback,https://i.harperapps.com/covers/9780060530587/x200.jpg,i-can-read-level-2,Beyond the Dinosaurs
,Paperback,https://i.harperapps.com/covers/9780060530556/x200.jpg,i-can-read-level-2,After the Dinosaurs
,Paperback,https://i.harperapps.com/covers/9780060535667/x200.jpg,i-can-read-level-2,The Best Teacher in Second Grade
,Paperback,https://i.harperapps.com/covers/9780060544614/x200.jpg,i-can-read-level-2,Amazing Gorillas!
,Paperback,https://i.harperapps.com/covers/9780061989377/x200.jpg,i-can-read-level-2,Marley: Farm Dog
,Paperback,https://i.harperapps.com/covers/9780060544553/x200.jpg,i-can-read-level-2,Amazing Dolphins!
,Paperback,https://i.harperapps.com/covers/9780060511050/x200.jpg,i-can-read-level-2,Amelia Bedelia and the Baby
,Hardcover,https://i.harperapps.com/covers/9780062365989/x200.jpg,i-can-read-level-2,Flat Stanley and the Missing Pumpkins
,Hardcover,https://i.harperapps.com/covers/9780061430107/x200.jpg,i-can-read-level-2,Flat Stanley at Bat
,Paperback,https://i.harperapps.com/covers/9780060843632/x200.jpg,i-can-read-level-2,"Go West, Amelia Bedelia!"
,Hardcover,https://i.harperapps.com/covers/9780062051172/x200.jpg,i-can-read-level-2,Flappy and Scrappy
,Paperback,https://i.harperapps.com/covers/9780060843540/x200.jpg,i-can-read-level-2,Amelia Bedelia Talks Turkey
,Paperback,https://i.harperapps.com/covers/9780060843571/x200.jpg,i-can-read-level-2,Amelia Bedelia's Masterpiece
,Paperback,https://i.harperapps.com/covers/9780060843465/x200.jpg,i-can-read-level-2,Amelia Bedelia Under Construction
,Paperback,https://i.harperapps.com/covers/9780060544645/x200.jpg,i-can-read-level-2,Amazing Snakes!
,Paperback,https://i.harperapps.com/covers/9780060518929/x200.jpg,i-can-read-level-2,"Amelia Bedelia, Bookworm"
,Paperback,https://i.harperapps.com/covers/9780060511111/x200.jpg,i-can-read-level-2,Amelia Bedelia Helps Out
,Paperback,https://i.harperapps.com/covers/9780060087807/x200.jpg,i-can-read-level-2,Calling Doctor Amelia Bedelia
,Paperback,https://i.harperapps.com/covers/9780060511159/x200.jpg,i-can-read-level-2,"Good Work, Amelia Bedelia"
,Paperback,https://i.harperapps.com/covers/9780064443180/x200.jpg,i-can-read-level-2,"Bravo, Amelia Bedelia!"
,Paperback,https://i.harperapps.com/covers/9780064440943/x200.jpg,i-can-read-level-2,Grasshopper on the Road
,Paperback,https://i.harperapps.com/covers/9780062074805/x200.jpg,i-can-read-level-2,Marley: The Dog Who Ate My Homework
,Paperback,https://i.harperapps.com/covers/9780060534509/x200.jpg,i-can-read-level-2,The High-Rise Private Eyes #7: The Case of the Baffled Bear
,Paperback,https://i.harperapps.com/covers/9780060511166/x200.jpg,i-can-read-level-2,Amelia Bedelia's Family Album
,eBook,https://i.harperapps.com/covers/9780062374363/x200.jpg,i-can-read-level-2,Frog and Toad Quartet: The Complete Collection
,Paperback,https://i.harperapps.com/covers/9780060843519/x200.jpg,i-can-read-level-2,Amelia Bedelia and the Cat
,Paperback,https://i.harperapps.com/covers/9780060518950/x200.jpg,i-can-read-level-2,"Happy Haunting, Amelia Bedelia"
,Paperback,https://i.harperapps.com/covers/9780062210036/x200.jpg,i-can-read-level-2,Justice League Classic: I Am Aquaman
,Paperback,https://i.harperapps.com/covers/9780061885259/x200.jpg,i-can-read-level-2,Batman Classic: Who Is Clayface?
,Paperback,https://i.harperapps.com/covers/9780062210029/x200.jpg,i-can-read-level-2,Justice League Classic: Meet the Justice League
,Paperback,https://i.harperapps.com/covers/9780061885242/x200.jpg,i-can-read-level-2,Superman Classic: Superman versus the Silver Banshee
,Paperback,https://i.harperapps.com/covers/9780061885235/x200.jpg,i-can-read-level-2,Batman Classic: Batman versus Man-Bat
,Hardcover,https://i.harperapps.com/covers/9780062432568/x200.jpg,i-can-read-level-2,"Long, Tall Lincoln"
,Hardcover,https://i.harperapps.com/covers/9780060239671/x200.jpg,i-can-read-level-2,Mouse Soup
,Paperback,https://i.harperapps.com/covers/9780064441711/x200.jpg,i-can-read-level-2,"Thank You, Amelia Bedelia"
,Paperback,https://i.harperapps.com/covers/9780064440486/x200.jpg,i-can-read-level-2,Arthur's Funny Money
,Paperback,https://i.harperapps.com/covers/9780064440325/x200.jpg,i-can-read-level-2,Arthur's Pen Pal
,Hardcover,https://i.harperapps.com/covers/9780062095107/x200.jpg,i-can-read-level-2,"Amelia Bedelia, Cub Reporter"
,Paperback,https://i.harperapps.com/covers/9780064440196/x200.jpg,i-can-read-level-2,Amelia Bedelia and the Surprise Shower
,Paperback,https://i.harperapps.com/covers/9780064441759/x200.jpg,i-can-read-level-2,Arthur's Camp-Out
,Paperback,https://i.harperapps.com/covers/9780064440554/x200.jpg,i-can-read-level-2,Arthur's Christmas Cookies
,Hardcover,https://i.harperapps.com/covers/9780060223298/x200.jpg,i-can-read-level-2,A Bargain for Frances
,Hardcover,https://i.harperapps.com/covers/9780062432599/x200.jpg,i-can-read-level-2,John F. Kennedy the Brave
,Downloadable audio file,https://i.harperapps.com/covers/9780062124708/x200.jpg,i-can-read-level-2,Marley: Marley's Big Adventure
,Hardcover,https://i.harperapps.com/covers/9780060267001/x200.jpg,i-can-read-level-2,"Play Ball, Amelia Bedelia"
,Hardcover,https://i.harperapps.com/covers/9780060266912/x200.jpg,i-can-read-level-2,"Come Back, Amelia Bedelia"
,Hardcover,https://i.harperapps.com/covers/9780061170768/x200.jpg,i-can-read-level-2,Goose and Duck
,Paperback,https://i.harperapps.com/covers/9780064442107/x200.jpg,i-can-read-level-2,"Kick, Pass, and Run"
,Paperback,https://i.harperapps.com/covers/9780061885174/x200.jpg,i-can-read-level-2,Wonder Woman Classic: I Am Wonder Woman
,Paperback,https://i.harperapps.com/covers/9780060544676/x200.jpg,i-can-read-level-2,Amazing Whales!
,Paperback,https://i.harperapps.com/covers/9780060511142/x200.jpg,i-can-read-level-2,"Teach Us, Amelia Bedelia"
,Paperback,https://i.harperapps.com/covers/9780060002008/x200.jpg,i-can-read-level-2,Mildred and Sam
,Paperback,https://i.harperapps.com/covers/9780064442855/x200.jpg,i-can-read-level-2,Captain and Matey Set Sail
,Paperback,https://i.harperapps.com/covers/9780060099459/x200.jpg,i-can-read-level-2,"Merry Christmas, Amelia Bedelia"
,Paperback,https://i.harperapps.com/covers/9780060080921/x200.jpg,i-can-read-level-2,"Good Driving, Amelia Bedelia"
,Paperback,https://i.harperapps.com/covers/9780064443098/x200.jpg,i-can-read-level-2,Amelia Bedelia 4 Mayor
,Paperback,https://i.harperapps.com/covers/9780062104830/x200.jpg,i-can-read-level-2,Ice Age: Continental Drift: Best Friends
,Paperback,https://i.harperapps.com/covers/9780061885228/x200.jpg,i-can-read-level-2,Batman Classic: Going Ape
,Paperback,https://i.harperapps.com/covers/9780061885211/x200.jpg,i-can-read-level-2,Batman Classic: Reptile Rampage
,Paperback,https://i.harperapps.com/covers/9780061885204/x200.jpg,i-can-read-level-2,Batman Classic: Dawn of the Dynamic Duo
,Paperback,https://i.harperapps.com/covers/9780062086020/x200.jpg,i-can-read-level-2,Alvin and the Chipmunks: Chipwrecked: Too Cool for Rules
,Paperback,https://i.harperapps.com/covers/9780061885198/x200.jpg,i-can-read-level-2,Superman Classic: Escape from the Phantom Zone
,Paperback,https://i.harperapps.com/covers/9780061885181/x200.jpg,i-can-read-level-2,Superman Classic: Superman versus Mongul
,Paperback,https://i.harperapps.com/covers/9780061885167/x200.jpg,i-can-read-level-2,Superman Classic: Superman versus Bizarro
,Paperback,https://i.harperapps.com/covers/9780061878589/x200.jpg,i-can-read-level-2,Batman Classic: Meet the Super Heroes
,Paperback,https://i.harperapps.com/covers/9780061878572/x200.jpg,i-can-read-level-2,Superman Classic: I Am Superman
,Hardcover,https://i.harperapps.com/covers/9780060527624/x200.jpg,i-can-read-level-2,How to Drive Your Sister Crazy
,Paperback,https://i.harperapps.com/covers/9780060518899/x200.jpg,i-can-read-level-2,"Amelia Bedelia, Rocket Scientist?"
,eBook,https://i.harperapps.com/covers/9780062209924/x200.jpg,i-can-read-level-2,Epic: M.K. Saves the Day
,eBook,https://i.harperapps.com/covers/9780062209948/x200.jpg,i-can-read-level-2,Epic: Meet the Leafmen
,Paperback,https://i.harperapps.com/covers/9780062104816/x200.jpg,i-can-read-level-2,Ice Age: Continental Drift: Manny's Big Adventure
,Paperback,https://i.harperapps.com/covers/9780061435218/x200.jpg,i-can-read-level-2,Never Kick a Ghost and Other Silly Chillers
,Hardcover,https://i.harperapps.com/covers/9780061358395/x200.jpg,i-can-read-level-2,Dizzy Dinosaurs
,Paperback,https://i.harperapps.com/covers/9780061765285/x200.jpg,i-can-read-level-2,Silly Street: Selected Poems
,Hardcover,https://i.harperapps.com/covers/9780066238784/x200.jpg,i-can-read-level-2,Detective Dinosaur Undercover
,Paperback,https://i.harperapps.com/covers/9780060544560/x200.jpg,i-can-read-level-2,Amazing Sharks!
,Paperback,https://i.harperapps.com/covers/9780064443050/x200.jpg,i-can-read-level-2,The Bug in Teacher's Coffee
,Downloadable audio file,https://i.harperapps.com/covers/9780062570161/x200.jpg,i-can-read-level-2,My Weird School: Talent Show Mix-Up
,Paperback,https://i.harperapps.com/covers/9780060532321/x200.jpg,i-can-read-level-2,I Am the Turkey
,eBook,https://i.harperapps.com/covers/9780062236388/x200.jpg,i-can-read-level-2,Riff Raff: Can't You See? We're Lost at Sea!
,Downloadable audio file,https://i.harperapps.com/covers/9780062570178/x200.jpg,i-can-read-level-2,My Weird School Goes to the Museum
,Paperback,https://i.harperapps.com/covers/9780060535636/x200.jpg,i-can-read-level-2,The Best Chef in Second Grade
,Paperback,https://i.harperapps.com/covers/9780064442022/x200.jpg,i-can-read-level-2,The Adventures of Snail at School
,Paperback,https://i.harperapps.com/covers/9780064441865/x200.jpg,i-can-read-level-2,Zack's Alligator
,Paperback,https://i.harperapps.com/covers/9780064441261/x200.jpg,i-can-read-level-2,Aunt Eater Loves a Mystery
,Paperback,https://i.harperapps.com/covers/9780064440936/x200.jpg,i-can-read-level-2,Arthur's Loose Tooth
,Paperback,https://i.harperapps.com/covers/9780064440295/x200.jpg,i-can-read-level-2,The Case of the Double Cross
,Paperback,https://i.harperapps.com/covers/9780064440172/x200.jpg,i-can-read-level-2,The Case of the Cat's Meow
,Paperback,https://i.harperapps.com/covers/9780064442572/x200.jpg,i-can-read-level-2,Detective Dinosaur Lost and Found
,Paperback,https://i.harperapps.com/covers/9780064442350/x200.jpg,i-can-read-level-2,Detective Dinosaur
,Paperback,https://i.harperapps.com/covers/9780064441704/x200.jpg,i-can-read-level-2,Ghosts!
,Paperback,https://i.harperapps.com/covers/9780064441490/x200.jpg,i-can-read-level-2,Arthur's Great Big Valentine
,Paperback,https://i.harperapps.com/covers/9780064441377/x200.jpg,i-can-read-level-2,Scruffy
,Paperback,https://i.harperapps.com/covers/9780064440479/x200.jpg,i-can-read-level-2,The Case of the Scaredy Cats
,Paperback,https://i.harperapps.com/covers/9780064440264/x200.jpg,i-can-read-level-2,The Case of the Hungry Stranger
,Paperback,https://i.harperapps.com/covers/9780064440110/x200.jpg,i-can-read-level-2,Here Comes the Strikeout
,Hardcover,https://i.harperapps.com/covers/9780062123312/x200.jpg,i-can-read-level-2,Marley's Storybook Treasury
,Paperback,https://i.harperapps.com/covers/9780064442459/x200.jpg,i-can-read-level-2,Arthur's Back to School Day
,Paperback,https://i.harperapps.com/covers/9780064440066/x200.jpg,i-can-read-level-2,Big Max
,Hardcover,https://i.harperapps.com/covers/9780062341921/x200.jpg,i-can-read-level-2,Guinness World Records: Remarkable Robots
,Paperback,https://i.harperapps.com/covers/9780060514211/x200.jpg,i-can-read-level-2,Pish and Posh Wish for Fairy Wings
,Paperback,https://i.harperapps.com/covers/9780060544522/x200.jpg,i-can-read-level-2,Amazing Tigers!
,Paperback,https://i.harperapps.com/covers/9780064443166/x200.jpg,i-can-read-level-2,The High-Rise Private Eyes #3: The Case of the Puzzling Possum
,eBook,https://i.harperapps.com/covers/9780062236395/x200.jpg,i-can-read-level-2,Riff Raff: Shiver Me Whiskers!
,Paperback,https://i.harperapps.com/covers/9780061969096/x200.jpg,i-can-read-level-2,The Voyage of the Dawn Treader: Aboard the Dawn Treader
,Paperback,https://i.harperapps.com/covers/9780061765247/x200.jpg,i-can-read-level-2,Dirt on My Shirt: Selected Poems
,Paperback,https://i.harperapps.com/covers/9780060013233/x200.jpg,i-can-read-level-2,The High-Rise Private Eyes #4: The Case of the Troublesome Turtle
,Paperback,https://i.harperapps.com/covers/9780062681843/x200.jpg,i-can-read-level-2,Wonder Woman: I Am an Amazon Warrior
,Paperback,https://i.harperapps.com/covers/9780060542382/x200.jpg,i-can-read-level-2,Amelia Bedelia 50th Anniversary Library
,Paperback,https://i.harperapps.com/covers/9780060534530/x200.jpg,i-can-read-level-2,The High-Rise Private Eyes #8: The Case of the Desperate Duck
,CD-Audio,https://i.harperapps.com/covers/9780060852818/x200.jpg,i-can-read-level-2,Frances Audio Collection CD
,CD-Audio,https://i.harperapps.com/covers/9780060786984/x200.jpg,i-can-read-level-2,Frog and Toad All Year Book and CD
,CD-Audio,https://i.harperapps.com/covers/9780060741068/x200.jpg,i-can-read-level-2,Frog and Toad Are Friends Book and CD
,Paperback,https://i.harperapps.com/covers/9780062681867/x200.jpg,i-can-read-level-2,Wonder Woman: Meet the Heroes
,CD-Audio,https://i.harperapps.com/covers/9780061336133/x200.jpg,i-can-read-level-2,"In a Dark, Dark Room and Other Scary Stories Book and CD"
,CD-Audio,https://i.harperapps.com/covers/9780061336119/x200.jpg,i-can-read-level-2,A Bargain for Frances Book and CD
,CD-Audio,https://i.harperapps.com/covers/9780061336089/x200.jpg,i-can-read-level-2,"Come Back, Amelia Bedelia Book and CD"
,CD-Audio,https://i.harperapps.com/covers/9780061336102/x200.jpg,i-can-read-level-2,Mouse Soup Book and CD
,CD-Audio,https://i.harperapps.com/covers/9780061247712/x200.jpg,i-can-read-level-2,Amelia Bedelia and the Surprise Shower Book and CD
,CD-Audio,https://i.harperapps.com/covers/9780061247736/x200.jpg,i-can-read-level-2,Frog and Toad Together Book and CD
,Paperback,https://i.harperapps.com/covers/9780060099206/x200.jpg,i-can-read-level-2,Big Max and the Mystery of the Missing Giraffe
,CD-Audio,https://i.harperapps.com/covers/9780060741082/x200.jpg,i-can-read-level-2,"Play Ball, Amelia Bedelia Book and CD"
,CD-Audio,https://i.harperapps.com/covers/9780060787004/x200.jpg,i-can-read-level-2,Amelia Bedelia Book and CD
,Paperback,https://i.harperapps.com/covers/9780060580865/x200.jpg,i-can-read-level-2,The Frog and Toad Collection Box Set
,Paperback,https://i.harperapps.com/covers/9780064443067/x200.jpg,i-can-read-level-2,The High-Rise Private Eyes #1: The Case of the Missing Monkey
,Paperback,https://i.harperapps.com/covers/9780064442800/x200.jpg,i-can-read-level-2,Arthur's Birthday Party
,Paperback,https://i.harperapps.com/covers/9780064442626/x200.jpg,i-can-read-level-2,Last One in Is a Rotten Egg
,Paperback,https://i.harperapps.com/covers/9780064442480/x200.jpg,i-can-read-level-2,Zack's Alligator Goes to School
,Downloadable audio file,https://i.harperapps.com/covers/9780062124678/x200.jpg,i-can-read-level-1,Fancy Nancy and the Mean Girl
,Downloadable audio file,https://i.harperapps.com/covers/9780062124685/x200.jpg,i-can-read-level-1,Fancy Nancy: Splendid Speller
,Paperback,https://i.harperapps.com/covers/9780062313294/x200.jpg,i-can-read-level-1,Danny and the Dinosaur and Friends: Level One Box Set
,Hardcover,https://i.harperapps.com/covers/9780062187895/x200.jpg,i-can-read-level-1,Pinkalicious and the Perfect Present
,Hardcover,https://i.harperapps.com/covers/9780062187772/x200.jpg,i-can-read-level-1,Pinkalicious and the Cupcake Calamity
,Hardcover,https://i.harperapps.com/covers/9780062090263/x200.jpg,i-can-read-level-1,"Splat the Cat: Blow, Snow, Blow"
,Downloadable audio file,https://i.harperapps.com/covers/9780062124982/x200.jpg,i-can-read-level-1,Fancy Nancy and the Boy from Paris
,Downloadable audio file,https://i.harperapps.com/covers/9780062125002/x200.jpg,i-can-read-level-1,Fancy Nancy at the Museum
,Downloadable audio file,https://i.harperapps.com/covers/9780062125071/x200.jpg,i-can-read-level-1,Fancy Nancy: Poison Ivy Expert
,Downloadable audio file,https://i.harperapps.com/covers/9780062124999/x200.jpg,i-can-read-level-1,Fancy Nancy and the Delectable Cupcakes
,Paperback,https://i.harperapps.com/covers/9780064441834/x200.jpg,i-can-read-level-2,Addie's Bad Day
,Paperback,https://i.harperapps.com/covers/9780064441520/x200.jpg,i-can-read-level-2,Buzby
,Paperback,https://i.harperapps.com/covers/9780064441506/x200.jpg,i-can-read-level-2,The Grandma Mix-Up
,eBook,https://i.harperapps.com/covers/9780062038715/x200.jpg,i-can-read-level-2,Grandpa Spanielson's Chicken Pox Stories: A Snout for Chocolate
,Paperback,https://i.harperapps.com/covers/9780062360892/x200.jpg,i-can-read-level-2,Superman Classic: Bizarro's Last Laugh
,Downloadable audio file,https://i.harperapps.com/covers/9780062125026/x200.jpg,i-can-read-level-1,Fancy Nancy: Every Day Is Earth Day
,Downloadable audio file,https://i.harperapps.com/covers/9780062125057/x200.jpg,i-can-read-level-1,Fancy Nancy: My Family History
,Downloadable audio file,https://i.harperapps.com/covers/9780062125064/x200.jpg,i-can-read-level-1,Fancy Nancy: Pajama Day
,Downloadable audio file,https://i.harperapps.com/covers/9780062125088/x200.jpg,i-can-read-level-1,Fancy Nancy: Spectacular Spectacles
,Downloadable audio file,https://i.harperapps.com/covers/9780062125095/x200.jpg,i-can-read-level-1,Fancy Nancy: The 100th Day of School
,Downloadable audio file,https://i.harperapps.com/covers/9780062125101/x200.jpg,i-can-read-level-1,Fancy Nancy: The Dazzling Book Report
,Downloadable audio file,https://i.harperapps.com/covers/9780062125125/x200.jpg,i-can-read-level-1,Fancy Nancy: The Show Must Go On
,Hardcover,https://i.harperapps.com/covers/9780062221315/x200.jpg,i-can-read-level-1,Amelia Bedelia Joins the Club
,Hardcover,https://i.harperapps.com/covers/9780062221285/x200.jpg,i-can-read-level-1,Amelia Bedelia Tries Her Luck
,Hardcover,https://i.harperapps.com/covers/9780062219091/x200.jpg,i-can-read-level-1,Charlie the Ranch Dog: Where's the Bacon?
,Downloadable audio file,https://i.harperapps.com/covers/9780062346551/x200.jpg,i-can-read-level-1,Amelia Bedelia Chalks One Up
,Downloadable audio file,https://i.harperapps.com/covers/9780062324849/x200.jpg,i-can-read-level-1,Charlie the Ranch Dog: Charlie Goes to the Doctor
,Downloadable audio file,https://i.harperapps.com/covers/9780062324290/x200.jpg,i-can-read-level-1,Pinkalicious: The Royal Tea Party
,Paperback,https://i.harperapps.com/covers/9780062385345/x200.jpg,i-can-read-level-1,I Can Read My Favorite Stories Box Set
,Hardcover,https://i.harperapps.com/covers/9780062350343/x200.jpg,i-can-read-level-1,The Berenstain Bears Play Football!
,Downloadable audio file,https://i.harperapps.com/covers/9780062322326/x200.jpg,i-can-read-level-1,Splat the Cat Makes Dad Glad
,eBook,https://i.harperapps.com/covers/9780062654571/x200.jpg,i-can-read-level-1,Berenstain Bears and the Ducklings
,Paperback,https://i.harperapps.com/covers/9780060583606/x200.jpg,i-can-read-level-1,The Berenstain Bears' Family Reunion
,Hardcover,https://i.harperapps.com/covers/9780062087089/x200.jpg,i-can-read-level-1,Diary of a Worm: Nat the Gnat
,Hardcover,https://i.harperapps.com/covers/9780062090249/x200.jpg,i-can-read-level-1,Splat the Cat: A Whale of a Tale
,Hardcover,https://i.harperapps.com/covers/9780062187864/x200.jpg,i-can-read-level-1,Pinkalicious: Puptastic!
,Hardcover,https://i.harperapps.com/covers/9780062187833/x200.jpg,i-can-read-level-1,Pinkalicious: Fairy House
,Hardcover,https://i.harperapps.com/covers/9780062090188/x200.jpg,i-can-read-level-1,Splat the Cat: The Rain Is a Pain
,Hardcover,https://i.harperapps.com/covers/9780062187802/x200.jpg,i-can-read-level-1,Pinkalicious and the Pinkatastic Zoo Day
,Paperback,https://i.harperapps.com/covers/9780062640673/x200.jpg,i-can-read-level-1,Beat Bugs: In My Life
,Downloadable audio file,https://i.harperapps.com/covers/9780062346544/x200.jpg,i-can-read-level-1,Splat the Cat: Up in the Air at the Fair
,Downloadable audio file,https://i.harperapps.com/covers/9780062322104/x200.jpg,i-can-read-level-1,Charlie the Ranch Dog: Charlie's New Friend
,Downloadable audio file,https://i.harperapps.com/covers/9780062322111/x200.jpg,i-can-read-level-1,Charlie the Ranch Dog: Charlie's Snow Day
,Paperback,https://i.harperapps.com/covers/9780062349996/x200.jpg,i-can-read-level-1,Paddington: Meet Paddington
,Paperback,https://i.harperapps.com/covers/9780062350015/x200.jpg,i-can-read-level-1,Paddington: Paddington's Adventures
,Hardcover,https://i.harperapps.com/covers/9780062090218/x200.jpg,i-can-read-level-1,Splat the Cat with a Bang and a Clang
,Hardcover,https://i.harperapps.com/covers/9780062090157/x200.jpg,i-can-read-level-1,Splat the Cat: The Name of the Game
,Hardcover,https://i.harperapps.com/covers/9780062377876/x200.jpg,i-can-read-level-1,Fancy Nancy: Time for Puppy School
,Paperback,https://i.harperapps.com/covers/9780064442442/x200.jpg,i-can-read-level-1,Danny and the Dinosaur Go to Camp
,Hardcover,https://i.harperapps.com/covers/9780060242404/x200.jpg,i-can-read-level-1,Little Bear
,Hardcover,https://i.harperapps.com/covers/9780062087058/x200.jpg,i-can-read-level-1,Diary of a Worm: Teacher's Pet
,Hardcover,https://i.harperapps.com/covers/9780062432056/x200.jpg,i-can-read-level-1,Ranger Rick: I Wish I Was a Lion
,Hardcover,https://i.harperapps.com/covers/9780062364159/x200.jpg,i-can-read-level-1,Chicken in Mittens
,Hardcover,https://i.harperapps.com/covers/9780062432087/x200.jpg,i-can-read-level-1,Ranger Rick: I Wish I Was an Orca
,Hardcover,https://i.harperapps.com/covers/9780062566898/x200.jpg,i-can-read-level-1,Pinkalicious and the Babysitter
,Hardcover,https://i.harperapps.com/covers/9780062658869/x200.jpg,i-can-read-level-1,Amelia Bedelia on the Move
,Hardcover,https://i.harperapps.com/covers/9780062430809/x200.jpg,i-can-read-level-1,Paddington at the Barber Shop
,Downloadable audio file,https://i.harperapps.com/covers/9780062124746/x200.jpg,i-can-read-level-1,Space Cat
,Downloadable audio file,https://i.harperapps.com/covers/9780062124777/x200.jpg,i-can-read-level-1,Dixie
,Hardcover,https://i.harperapps.com/covers/9780062086570/x200.jpg,i-can-read-level-1,Dixie and the Good Deeds
,Hardcover,https://i.harperapps.com/covers/9780061989650/x200.jpg,i-can-read-level-1,Pinkalicious: Soccer Star
,Hardcover,https://i.harperapps.com/covers/9780061978586/x200.jpg,i-can-read-level-1,Splat the Cat and the Duck with No Quack
,Hardcover,https://i.harperapps.com/covers/9780061928802/x200.jpg,i-can-read-level-1,Pinkalicious: Pink around the Rink
,Hardcover,https://i.harperapps.com/covers/9780061928864/x200.jpg,i-can-read-level-1,Pinkalicious: School Rules!
,Hardcover,https://i.harperapps.com/covers/9780060242657/x200.jpg,i-can-read-level-1,Little Bear's Visit
,Hardcover,https://i.harperapps.com/covers/9780060242305/x200.jpg,i-can-read-level-1,Father Bear Comes Home
,Hardcover,https://i.harperapps.com/covers/9780062095275/x200.jpg,i-can-read-level-1,Amelia Bedelia Hits the Trail
,Hardcover,https://i.harperapps.com/covers/9780061978609/x200.jpg,i-can-read-level-1,Splat the Cat Takes the Cake
,Hardcover,https://i.harperapps.com/covers/9780061989636/x200.jpg,i-can-read-level-1,Pinkalicious: The Princess of Pink Slumber Party
,Paperback,https://i.harperapps.com/covers/9780060583514/x200.jpg,i-can-read-level-1,The Berenstain Bears Down on the Farm
,Paperback,https://i.harperapps.com/covers/9780060583477/x200.jpg,i-can-read-level-1,The Berenstain Bears and the Wishing Star
,Paperback,https://i.harperapps.com/covers/9780060583415/x200.jpg,i-can-read-level-1,The Berenstain Bears' Seashore Treasure
,Hardcover,https://i.harperapps.com/covers/9780060583378/x200.jpg,i-can-read-level-1,The Berenstain Bears Play T-Ball
,Paperback,https://i.harperapps.com/covers/9780064440714/x200.jpg,i-can-read-level-1,Who's Afraid of the Dark?
,Hardcover,https://i.harperapps.com/covers/9780062357090/x200.jpg,i-can-read-level-1,"Work, Dogs, Work"
,Hardcover,https://i.harperapps.com/covers/9780062086181/x200.jpg,i-can-read-level-1,Dixie Wins the Race
,Paperback,https://i.harperapps.com/covers/9780060583545/x200.jpg,i-can-read-level-1,The Berenstain Bears Out West
,Hardcover,https://i.harperapps.com/covers/9780060242558/x200.jpg,i-can-read-level-1,Little Bear's Friend
,Hardcover,https://i.harperapps.com/covers/9780062086372/x200.jpg,i-can-read-level-1,Dixie and the Big Bully
,Hardcover,https://i.harperapps.com/covers/9780062095244/x200.jpg,i-can-read-level-1,Amelia Bedelia Sleeps Over
,Hardcover,https://i.harperapps.com/covers/9780062086099/x200.jpg,i-can-read-level-1,Dixie and the School Trip
,Paperback,https://i.harperapps.com/covers/9780064442374/x200.jpg,i-can-read-level-1,"Happy Birthday, Danny and the Dinosaur!"
,Hardcover,https://i.harperapps.com/covers/9780061170829/x200.jpg,i-can-read-level-1,Mac and Cheese and the Perfect Plan
,Paperback,https://i.harperapps.com/covers/9780062671387/x200.jpg,i-can-read-level-1,Paddington Collector's Quintet
,Paperback,https://i.harperapps.com/covers/9780062824417/x200.jpg,i-can-read-level-1,Paddington 2: Paddington's Family and Friends
,Downloadable audio file,https://i.harperapps.com/covers/9780062322296/x200.jpg,i-can-read-level-1,Frank and Tank: Foggy Rescue
,Downloadable audio file,https://i.harperapps.com/covers/9780062134806/x200.jpg,i-can-read-level-1,Dixie Loves School Pet Day
,Downloadable audio file,https://i.harperapps.com/covers/9780062124852/x200.jpg,i-can-read-level-1,Morris Goes to School
,Downloadable audio file,https://i.harperapps.com/covers/9780062124869/x200.jpg,i-can-read-level-1,Morris the Moose
,Downloadable audio file,https://i.harperapps.com/covers/9780062124890/x200.jpg,i-can-read-level-1,The Fat Cat Sat on the Mat
,Downloadable audio file,https://i.harperapps.com/covers/9780062124739/x200.jpg,i-can-read-level-1,Dirk Bones and the Mystery of the Haunted House
,Downloadable audio file,https://i.harperapps.com/covers/9780062124845/x200.jpg,i-can-read-level-1,Morris and Boris at the Circus
,Downloadable audio file,https://i.harperapps.com/covers/9780062124715/x200.jpg,i-can-read-level-1,"Splat the Cat: Good Night, Sleep Tight"
,Downloadable audio file,https://i.harperapps.com/covers/9780062124722/x200.jpg,i-can-read-level-1,Splat the Cat: Splat the Cat Sings Flat
,Paperback,https://i.harperapps.com/covers/9780062313317/x200.jpg,i-can-read-level-1,My Favorite Dog Stories: Learning to Read Box Set
,Hardcover,https://i.harperapps.com/covers/9780062572745/x200.jpg,i-can-read-level-1,Sammy the Seal
,Paperback,https://i.harperapps.com/covers/9780062086051/x200.jpg,i-can-read-level-1,Dixie and the Class Treat
,Hardcover,https://i.harperapps.com/covers/9780061928840/x200.jpg,i-can-read-level-1,Pinkalicious: The Pinkerrific Playdate
,Hardcover,https://i.harperapps.com/covers/9780062075161/x200.jpg,i-can-read-level-1,Amelia Bedelia Makes a Friend
,Hardcover,https://i.harperapps.com/covers/9780061928888/x200.jpg,i-can-read-level-1,Pinkalicious: Pinkie Promise
,Hardcover,https://i.harperapps.com/covers/9780061864384/x200.jpg,i-can-read-level-1,Ducks in a Row
,Paperback,https://i.harperapps.com/covers/9780060537746/x200.jpg,i-can-read-level-1,The Littlest Leaguer
,Paperback,https://i.harperapps.com/covers/9780060584139/x200.jpg,i-can-read-level-1,The Berenstain Bears and the Baby Chipmunk
,Paperback,https://i.harperapps.com/covers/9780060583354/x200.jpg,i-can-read-level-1,The Berenstain Bears Clean House
,Paperback,https://i.harperapps.com/covers/9780064442725/x200.jpg,i-can-read-level-1,Oliver
,Hardcover,https://i.harperapps.com/covers/9780060242985/x200.jpg,i-can-read-level-1,A Kiss for Little Bear
,CD-Audio,https://i.harperapps.com/covers/9780061882746/x200.jpg,i-can-read-level-1,Fancy Nancy: Poison Ivy Expert Book and CD
,CD-Audio,https://i.harperapps.com/covers/9780061840555/x200.jpg,i-can-read-level-1,Fancy Nancy and the Boy from Paris Book and CD
,Hardcover,https://i.harperapps.com/covers/9780061170799/x200.jpg,i-can-read-level-1,Mac and Cheese
,Paperback,https://i.harperapps.com/covers/9780061719042/x200.jpg,i-can-read-level-1,The Berenstain Bears I Can Read Collection
,CD-Audio,https://i.harperapps.com/covers/9780061706585/x200.jpg,i-can-read-level-1,Fancy Nancy at the Museum Book and CD
,Paperback,https://i.harperapps.com/covers/9780061719059/x200.jpg,i-can-read-level-1,Fancy Nancy Collector's Quintet
,CD-Audio,https://i.harperapps.com/covers/9780060741075/x200.jpg,i-can-read-level-1,Little Bear Book and CD
,CD-Audio,https://i.harperapps.com/covers/9780060786892/x200.jpg,i-can-read-level-1,Little Bear's Friend Book and CD
,Paperback,https://i.harperapps.com/covers/9780062640710/x200.jpg,i-can-read-level-1,Beat Bugs: Penny Lane
,Downloadable audio file,https://i.harperapps.com/covers/9780062314871/x200.jpg,i-can-read-level-1,Frank and Tank: Stowaway
,Hardcover,https://i.harperapps.com/covers/9780062643087/x200.jpg,i-can-read-level-1,Santa's Moose
,Hardcover,https://i.harperapps.com/covers/9780062350299/x200.jpg,i-can-read-level-1,The Berenstain Bears: We Love Baseball!
,Paperback,https://i.harperapps.com/covers/9780064441452/x200.jpg,i-can-read-level-1,Mrs. Brice's Mice
,Paperback,https://i.harperapps.com/covers/9780064440950/x200.jpg,i-can-read-level-1,Chester
,Paperback,https://i.harperapps.com/covers/9780064440578/x200.jpg,i-can-read-level-1,Grizzwold
,Paperback,https://i.harperapps.com/covers/9780064440257/x200.jpg,i-can-read-level-1,Oscar Otter
,Paperback,https://i.harperapps.com/covers/9780064440103/x200.jpg,i-can-read-level-1,Stanley
,Hardcover,https://i.harperapps.com/covers/9780062279132/x200.jpg,i-can-read-level-1,Clark the Shark and the Big Book Report
,Hardcover,https://i.harperapps.com/covers/9780062281623/x200.jpg,i-can-read-level-1,Danny and the Dinosaur: School Days
,CD-Audio,https://i.harperapps.com/covers/9780061765049/x200.jpg,i-can-read-level-1,The Berenstain Bears' New Kitten Book and CD
,Downloadable audio file,https://i.harperapps.com/covers/9780062124791/x200.jpg,i-can-read-level-1,Dirk Bones and the Mystery of the Missing Books
,Paperback,https://i.harperapps.com/covers/9780064441971/x200.jpg,i-can-read-level-1,Little Bear Box Set
,Paperback,https://i.harperapps.com/covers/9780064441278/x200.jpg,i-can-read-level-1,Silly Tilly and the Easter Bunny
,Paperback,https://i.harperapps.com/covers/9780064441421/x200.jpg,i-can-read-level-1,Barney's Horse
,Paperback,https://i.harperapps.com/covers/9780064435970/x200.jpg,i-can-read-level-1,"Drip, Drop"
,Downloadable audio file,https://i.harperapps.com/covers/9780062571250/x200.jpg,i-can-read-level-1,Paddington's Day Off
,Downloadable audio file,https://i.harperapps.com/covers/9780062134851/x200.jpg,i-can-read-level-1,Frank and Tank: Lost at Sea
,Downloadable audio file,https://i.harperapps.com/covers/9780062134868/x200.jpg,i-can-read-level-1,Frank and Tank: The Big Storm
,Hardcover,https://i.harperapps.com/covers/9780061864407/x200.jpg,i-can-read-level-1,Happy Go Ducky
,Hardcover,https://i.harperapps.com/covers/9780060854850/x200.jpg,i-can-read-level-1,Little Bear and the Marco Polo
,Paperback,https://i.harperapps.com/covers/9780064437400/x200.jpg,i-can-read-level-1,Baa-Choo!
,Paperback,https://i.harperapps.com/covers/9780064440080/x200.jpg,i-can-read-level-1,Harry and the Lady Next Door
,Paperback,https://i.harperapps.com/covers/9780064442978/x200.jpg,i-can-read-level-1,Johnny Lion's Book
,Paperback,https://i.harperapps.com/covers/9780064442237/x200.jpg,i-can-read-level-1,Silly Tilly's Valentine
,Paperback,https://i.harperapps.com/covers/9780064440370/x200.jpg,i-can-read-level-1,Dinosaur Time
,Hardcover,https://i.harperapps.com/covers/9780062430779/x200.jpg,i-can-read-level-1,Paddington's Prize Picture
,Downloadable audio file,https://i.harperapps.com/covers/9780062570192/x200.jpg,i-can-read-level-1,Fancy Nancy: Best Reading Buddies
,Paperback,https://i.harperapps.com/covers/9780060756383/x200.jpg,i-can-read-level-1,Pip Squeak
,Paperback,https://i.harperapps.com/covers/9780064441032/x200.jpg,i-can-read-level-1,There Is a Carrot in My Ear and Other Noodle Tales
,Paperback,https://i.harperapps.com/covers/9780064440462/x200.jpg,i-can-read-level-1,"And I Mean It, Stanley"
,Hardcover,https://i.harperapps.com/covers/9780060225568/x200.jpg,i-can-read-level-1,Who Will Be My Friends?
,Hardcover,https://i.harperapps.com/covers/9780062281593/x200.jpg,i-can-read-level-1,Danny and the Dinosaur and the Girl Next Door
,Paperback,https://i.harperapps.com/covers/9780064441766/x200.jpg,i-can-read-level-1,Captain Cat
,Paperback,https://i.harperapps.com/covers/9780062410474/x200.jpg,i-can-read-level-1,Danny and the Dinosaur: Big Reading Collection
,Hardcover,https://i.harperapps.com/covers/9780062572721/x200.jpg,i-can-read-level-1,The Berenstain Bears' New Pup
,Paperback,https://i.harperapps.com/covers/9780064442381/x200.jpg,i-can-read-level-1,"Ready, Set, Go!"
,Paperback,https://i.harperapps.com/covers/9780064442398/x200.jpg,i-can-read-level-1,Digby
,Paperback,https://i.harperapps.com/covers/9780064440387/x200.jpg,i-can-read-level-1,The Fire Cat
,Paperback,https://i.harperapps.com/covers/9780062090294/x200.jpg,i-can-read-level-1,Splat the Cat: Big Reading Collection
,Hardcover,https://i.harperapps.com/covers/9780060224837/x200.jpg,i-can-read-level-1,The Horse in Harry's Room
,Paperback,https://i.harperapps.com/covers/9780064442619/x200.jpg,i-can-read-level-1,This Book Is Haunted
,Paperback,https://i.harperapps.com/covers/9780062640666/x200.jpg,i-can-read-level-1,Beat Bugs: Meet the Beat Bugs
,Paperback,https://i.harperapps.com/covers/9780062640697/x200.jpg,i-can-read-level-1,Beat Bugs: Ticket to Ride
,Paperback,https://i.harperapps.com/covers/9780064441094/x200.jpg,i-can-read-level-1,No More Monsters for Me!
,Paperback,https://i.harperapps.com/covers/9780061989667/x200.jpg,i-can-read-level-1,Pinkalicious: Pink-a-rama
,CD-Audio,https://i.harperapps.com/covers/9780061336140/x200.jpg,i-can-read-level-1,No More Monsters for Me! Book and CD
,CD-Audio,https://i.harperapps.com/covers/9780061336096/x200.jpg,i-can-read-level-1,Harry and the Lady Next Door Book and CD
,CD-Audio,https://i.harperapps.com/covers/9780061335402/x200.jpg,i-can-read-level-1,Sammy the Seal Book and CD
,CD-Audio,https://i.harperapps.com/covers/9780061335396/x200.jpg,i-can-read-level-1,"Happy Birthday, Danny and the Dinosaur! Book and CD"
,Paperback,https://i.harperapps.com/covers/9780061234699/x200.jpg,i-can-read-level-1,I Can Read 50th Anniversary Box Set
,CD-Audio,https://i.harperapps.com/covers/9780060786878/x200.jpg,i-can-read-level-1,Danny and the Dinosaur Book and CD
,CD-Audio,https://i.harperapps.com/covers/9780060786885/x200.jpg,i-can-read-level-1,Danny and the Dinosaur Go to Camp Book and CD
,Paperback,https://i.harperapps.com/covers/9780064442275/x200.jpg,i-can-read-level-1,What Do You Hear When Cows Sing?
,Paperback,https://i.harperapps.com/covers/9780064442091/x200.jpg,i-can-read-level-1,Joe and Betsy the Dinosaur
,Paperback,https://i.harperapps.com/covers/9780064440851/x200.jpg,i-can-read-level-1,A Picture for Harold's Room
,Paperback,https://i.harperapps.com/covers/9780061430831/x200.jpg,i-can-read-level-1,Danny and the Dinosaur 3-Book Box Set
,Paperback,https://i.harperapps.com/covers/9780064441513/x200.jpg,i-can-read-level-1,I Saw You in the Bathtub and Other Folk Rhymes
,Paperback,https://i.harperapps.com/covers/9780064440752/x200.jpg,i-can-read-level-1,Red Fox and His Canoe
,Paperback,https://i.harperapps.com/covers/9780062443571/x200.jpg,i-can-read-level-1,Amelia Bedelia I Can Read Box Set #2: Books Are a Ball
,Hardcover,https://i.harperapps.com/covers/9780060224912/x200.jpg,i-can-read-level-1,Julius
,Downloadable audio file,https://i.harperapps.com/covers/9780062570512/x200.jpg,i-can-read-level-1,Pinkalicious: Fashion Fun
,Downloadable audio file,https://i.harperapps.com/covers/9780062570338/x200.jpg,i-can-read-level-1,Paddington Plays On
,Hardcover,https://i.harperapps.com/covers/9780062888716/x200.jpg,i-can-read-level-1,Disney Junior Fancy Nancy: Operation Fix Marabelle
